16-061700-FC02,4/3/2018,Baldwin,"1261 Pinewood Drive SE Milledgeville, Georgia",31061,"Mortgage Electronic Registration Systems, Inc. as nominee for Opteum Financial Services, LLC",4/25/2006,103500,,
18-068622-FC01,4/3/2018,Barrow,"1603 Phillipsburg Drive Winder, Georgia",30680,"Mortgage Electronic Registration Systems, Inc. as nominee for Pine State Mortgage Corporation",12/14/2004,119161,,Auction.com
15-055777-FC02,4/3/2018,Barrow,"1529 Cardinal Lane Winder, Georgia",30680,"Wells Fargo Bank, N.A.",6/10/2011,71636,,Auction.com
17-064632-FC02,4/3/2018,Barrow,"452 Reba Court Winder, Georgia",30680,"Mortgage Electronic Registration Systems, Inc. as nominee for Aasent Mortgage Corporation",6/28/2007,141500,,Auction.com
16-062654-FC04,4/3/2018,Barrow,"1110 Otis Drive Bethlehem, Georgia",30620,"Mortgage Electronic Registration Systems, Inc., as nominee for Home America Mortgage, Inc., its successors and assigns",5/20/2005,155460,,ServiceLink Auction
15-050729-FC08,4/3/2018,Bartow,"16 Antebellum Court Cartersville, Georgia",30120,"Countrywide Home Loans, Inc.",5/26/2007,134000,,Auction.com
18-068296-FC01,4/3/2018,Bartow,"107 Old Alabama Wagon Road Taylorsville, Georgia",30178,"Citicorp Trust Bank, fsb",10/26/2006,98029.87,,
16-059984-FC03,4/3/2018,Ben Hill,"113 Pearl Place Fitzgerald, Georgia",31750,"Mortgage Electronic Registration Systems, Inc. as nominee for Georgia First Mortgage Company, its successors and assigns",6/7/2005,56000,,Auction.com
17-063636-FC02,4/3/2018,Berrien,"1105 Bradford Road Ray City, Georgia",31645,"Wells Fargo Bank, N.A.",4/28/2010,220200,,Auction.com
18-068725-FC01,4/3/2018,Butts,"142 Mimosa Lane Jackson, Georgia",30233,American Freedom Mortgage Inc.,8/14/2003,127500,,
17-066326-FC02,4/3/2018,Camden,"101 Sugar Maple Way Kingsland, Georgia",31548,Navy Federal Credit Union,10/9/2009,176208,,
17-066327-FC02,4/3/2018,Camden,"202 Sunnyside Drive Saint Marys, Georgia",31558,Navy Federal Credit Union,12/28/2012,85295,,
18-068455-FC01,4/3/2018,Camden,"209 Woodlawn Drive Saint Marys, Georgia",31558,Navy Federal Credit Union,9/28/2005,117740,,
14-049965-FC07,4/3/2018,Carroll,"905 Center Bay Road Villa Rica, Georgia",30180,"Mortgage Electronic Registration Systems, Inc. as nominee for Taylor, Bean and Whitaker Mortgage Corp., its successors and assigns",8/20/2007,194298,,
18-068403-FC01,4/3/2018,Carroll,"295 Robinson Drive Carrollton, Georgia",30117,"Mortgage Electronic Registration Systems, Inc. as nominee for First Bank Mortgage A Division of First Bank of Georgia, its successors and assigns",10/13/2010,50921,,Auction.com
18-068208-FC01,4/3/2018,Catoosa,"256 Elm Avenue Ringgold, Georgia",30736,"Peoples Home Equity Inc., A Tennessee Corporation",10/21/2009,94066,,Auction.com
16-058089-FC03,4/3/2018,Catoosa,"103 Christ Street Fort Oglethorpe, Georgia",30742,"Mortgage Electronic Registration Systems, Inc. as nominee for Mortgage Research Center, LLC dba Veterans United Home Loans",10/17/2014,101235,,
14-049330-FC04,4/3/2018,Chatham,"205 Paradise Drive Savannah, Georgia",31406,"Wells Fargo Home Mortgage, Inc.",2/24/2003,91378,,Auction.com
13-040947-FC04,4/3/2018,Chatham,"1 Mackay Lane Savannah, Georgia",31411,"Mortgage Electronic Registration Systems, Inc. as nominee for Wachovia Mortgage Corporation",7/12/2005,459000,,
12-035812-FC04,4/3/2018,Chatham,"41 Cordage Circle Port Wentworth, Georgia",31407,"Mortgage Electronic Registration Systems, Inc. as nominee for New South Federal Savings Bank, its successors and assigns",1/23/2008,155295,,Williams & Williams
10-001987-FC04,4/3/2018,Chatham,"156 Marian Circle Savannah, Georgia",31406,First Town Mortgage Corporation,8/30/1990,50291,,
18-068717-FC01,4/3/2018,Chatham,"1007 Maupas Avenue Savannah, Georgia",31401,Aames Funding Corporation DBA Aames Home Loan,3/27/2006,115000,,
18-068538-FC01,4/3/2018,Chatham,"1218 E 50th Street Savannah, Georgia",31404,"Wachovia Bank, National Association",10/19/2007,89258.5,,Auction.com
18-068422-FC01,4/3/2018,Chatham,"2208 Hawthorne Street Savannah, Georgia",31404,"Mortgage Electronic Registration Systems, Inc. as nominee for Nationstar Mortgage LLC, its successors and assigns",3/6/2013,70500,,Auction.com
18-068119-FC01,4/3/2018,Chattooga,"1770 Mountain View Road Trion, Georgia",30753,"Mortgage Electronic Registration Systems, Inc., as nominee for Home America Mortgage, Inc., its successors and assigns",12/6/2005,67737,,Chronos Solutions
18-068676-FC01,4/3/2018,Cherokee,"1058 Blankets Creek Drive Canton, Georgia",30114,"Wells Fargo Bank, N.A.",2/24/2017,242000,,
18-068483-FC01,4/3/2018,Cherokee,"2012 Greenhill Pass Canton, Georgia",30114,"Mortgage Electronic Registration Systems, Inc., as nominee for Realty Mortgage Corporation, its successors and assigns",12/5/2006,159000,,Auction.com
18-068286-FC01,4/3/2018,Cherokee,"157 Trickum Hills Drive Woodstock, Georgia",30188,"Veterans Choice Mortgage, Inc.",1/20/1999,88384,,
14-049541-FC06,4/3/2018,Cherokee,"6161 Old Alabama Road Acworth, Georgia",30102,"Wachovia Bank, National Association",9/7/2007,50772.5,,Auction.com
04-2418-FC16,4/3/2018,Cherokee,"885 Jordan Road Ball Ground, Georgia",30107,BancMortgage Financial Corp.,8/5/1999,160000,,Auction.com
15-055665-FC08,4/3/2018,Cherokee,"429 Rockingham Lane Woodstock, Georgia",30189,"Mortgage Electronic Registration Systems, Inc. as nominee for Freedom Mortgage Corporation, its successors and assigns",7/27/2009,166866,,ServiceLink Auction
18-068340-FC01,4/3/2018,Clayton,"77 Cardinal Lane Jonesboro, Georgia",30238,"JPMorgan Chase Bank, N.A.",12/6/2007,100941,,Chronos Solutions
18-068370-FC01,4/3/2018,Clayton,"10783 Starling Trail Hampton, Georgia",30228,"Wells Fargo Bank, N.A.",11/19/2007,130000,,Auction.com
18-068430-FC01,4/3/2018,Clayton,"5876 Waggoner Cove Rex, Georgia",30273,"Mortgage Electronic Registration Systems, Inc., as nominee for Countrywide Home Loans, Inc., its successors and assigns",8/6/2004,140142,,Chronos Solutions
18-068112-FC01,4/3/2018,Clayton,"2585 Brookgate Crossing Ellenwood, Georgia",30294,"Mortgage Electronic Registration Systems, Inc. as nominee for Pine State Mortgage Corporation, its successors and assigns",9/23/2003,153600,,Auction.com
18-068594-FC01,4/3/2018,Clayton,"101 Crystal River Drive Riverdale, Georgia",30274,"Wells Fargo Home Mortgage, Inc.",11/4/2002,107315,,Auction.com
16-062878-FC03,4/3/2018,Clayton,"5734 Rock Shoals Way College Park, Georgia",30349,Sun America Mortgage Corporation,7/30/1998,99800,,
15-053997-FC04,4/3/2018,Clayton,"219 Independence Drive Jonesboro, Georgia",30238,"Mortgage Electronic Registration Systems, Inc. as nominee for AEGIS Mortgage Corporation dba New American Financial, its successors and assigns",1/26/2001,94860,,Auction.com
11-015739-FC03,4/3/2018,Clayton,"10081 Clearwater Trail Jonesboro, Georgia",30238,"Washington Mutual Bank, FA",8/19/2004,136745,,Auction.com
14-048693-FC06,4/3/2018,Clayton,"2855 Lake Jodeco Road Jonesboro, Georgia",30236,"Mortgage Electronic Registration Systems, Inc. as nominee for Real Estate Mortgage Network, Inc., its successors and assigns",1/29/2010,103098,,Auction.com
16-060484-FC03,4/3/2018,Cobb,"2205 Fairways Court Kennesaw, Georgia",30144,HomeBanc Mortgage Corporation,4/28/2006,109050,,ServiceLink Auction
16-057840-FC03,4/3/2018,Cobb,"1721 Milford Creek Overlook SW Marietta, Georgia",30008,"Mortgage Electronic Registration Systems, Inc. as nominee for Acopia, LLC , its successors and assigns",2/24/2010,163461,,Auction.com
16-061662-FC02,4/3/2018,Cobb,"4081 Pine Log Drive NW Marietta, Georgia",30064,"Mortgage Electronic Registration Systems, Inc. as nominee for Bank of America, N.A., its successors and assigns",11/24/2010,163905,,Auction.com
17-063782-FC03,4/3/2018,Cobb,"4021 Annandale Main NW Kennesaw, Georgia",30144,"Wells Fargo Bank, N.A.",3/5/2008,231000,,Auction.com
16-063155-FC04,4/3/2018,Cobb,"3050 Lake Park Trail Acworth, Georgia",30101,"Mortgage Electronic Registration Systems, Inc., as nominee for Americas Wholesale Lender, its successors and assigns",3/7/2005,114400,,
10-008600-FC06,4/3/2018,Cobb,"7018 Hillcrest Chase Lane Austell, Georgia",30168,"Mortgage Electronic Registration Systems, Inc. as nominee for Regions Bank d/b/a Regions Mortgage, its successors and assigns",8/17/2009,53905,,
10-002507-FC07,4/3/2018,Cobb,"2455 Alston Drive NE Marietta, Georgia",30062,"Winmark Financial, LLC",12/20/2007,256683,,Auction.com
18-068624-FC01,4/3/2018,Cobb,"151 Cavan Way SE Mableton, Georgia",30126,Navy Federal Credit Union,7/10/2015,218762,,
18-068642-FC01,4/3/2018,Cobb,"3001 Mulberry Street Marietta, Georgia",30066,"Centex Home Equity Company, LLC",4/19/2002,145688,,Xome.com
18-068576-FC01,4/3/2018,Cobb,"2410 Josh Court Marietta, Georgia",30064,Pine State Mortgage Corporation,2/15/1999,93350,,Auction.com
17-068000-FC01,4/3/2018,Cobb,"1953 Hastings Street Marietta, Georgia",30062,"Mortgage Electronic Registration Systems, Inc., as nominee for Fremont Investment & Loan, its successors and assigns",6/17/2005,207900,,
18-068268-FC01,4/3/2018,Cobb,"4171 Woodcrest Drive Powder Springs, Georgia",30127,"The Long Island Savings Bank, FSB",3/25/1998,85608,,Auction.com
18-068456-FC01,4/3/2018,Cobb,"154 Concord Close Circle SE Smyrna, Georgia",30082,Navy Federal Credit Union,3/7/2016,497557,,
18-068449-FC01,4/3/2018,Cobb,"4331 Walforde Boulevard Acworth, Georgia",30101,"Mortgage Electronic Registration Systems, Inc. as nominee for CH Mortgage Company I, Ltd., its successors and assigns",8/8/2003,179254,,ServiceLink Auction
18-068491-FC01,4/3/2018,Cobb,"287 Dink Lane Marietta, Georgia",30060,"Mortgage Electronic Registration Systems, Inc., as nominee for Principal Residential Mortgage, Inc., its successors and assigns",8/22/2002,87000,,Auction.com
18-068523-FC01,4/3/2018,Cobb,"2270 Perch Way Marietta, Georgia",30008,"Wells Fargo Bank, N.A.",9/18/2009,166749,,Auction.com
18-068525-FC01,4/3/2018,Cobb,"514 Gresham Road Sw Mableton, Georgia",30126,"Mortgage Electronic Registration Systems, Inc., as nominee for Americahomekey, Inc., its successors and assigns",10/20/2010,78221,,Auction.com
18-068367-FC01,4/3/2018,Cobb,"4800 Davenport Trace NW Acworth, Georgia",30101,"MBI Mortgage 1960, Inc.",3/26/1999,66380,,Chronos Solutions
17-067682-FC02,4/3/2018,Cobb,"529 Water Birch Way Marietta, Georgia",30066,"Mortgage Electronic Registration Systems, Inc., as nominee for Countrywide Home Loans, Inc., its successors and assigns",6/28/2005,218480,,
17-067551-FC01,4/3/2018,Cobb,"2460 Anderson Estates Court Marietta, Georgia",30064,"Mortgage Electronic Registration Systems, Inc. as nominee for Mortgage Research Center, LLC DBA Veterans United Home Loans",12/13/2013,352417,,
17-066240-FC02,4/3/2018,Cobb,"2431 Leaf Hollow Court S E Smyrna, Georgia",30080,"Mortgage Electronic Registration Systems, Inc. as nominee for Sunshine Mortgage Corporation, its successors and assigns",4/27/2007,180000,,
17-066117-FC04,4/3/2018,Cobb,"3012 Brass Drive Austell, Georgia",30106,"Mortgage Electronic Registration Systems, Inc. as nominee for Freedom Mortgage Corporation, its successors and assigns",5/27/2008,133000,,
17-066836-FC02,4/3/2018,Colquitt,"214 Twin Lakes Drive Moultrie, Georgia",31768,"Wells Fargo Bank, N.A.",11/11/2011,234400,,Auction.com
18-068562-FC01,4/3/2018,Colquitt,"1301 Holmes Drive Moultrie, Georgia",31768,"Mortgage Electronic Registration Systems, Inc., as nominee for Ameris Bank, its successors and assigns",8/2/2013,59183,,Auction.com
17-066552-FC03,4/3/2018,Columbia,"111 W Lynne Drive Martinez, Georgia",30907,"Mortgage Electronic Registration Systems, Inc. as nominee for Carrington Mortgage Services, LLC, its successors and assigns",9/18/2014,139974,,
17-067778-FC02,4/3/2018,Columbia,"4817 High Meadows Drive Grovetown, Georgia",30813,"Mortgage Electronic Registration Systems, Inc. as nominee for Bank of America, N.A., its successors and assigns",7/9/2014,196824,,
17-067742-FC02,4/3/2018,Columbia,"306 Summerfield Circle Grovetown, Georgia",30813,"Mortgage Electronic Registration Systems, Inc., as nominee for Primary Residential Mortgage Inc., its successors and assigns",8/14/2008,148667,,Xome.com
18-068287-FC01,4/3/2018,Columbia,"4476 Wrightsboro Road Grovetown, Georgia",30813,Premier Lending Corporation,4/29/1999,78783,,Auction.com
18-068169-FC02,4/3/2018,Columbia,"648 Devon Road Grovetown, Georgia",30813,"Mortgage Electronic Registration Systems, Inc., as nominee for First Bank Mortgage a Division of First Bank of Georgia, its successors and assigns",4/30/2004,102294,,Auction.com
17-067905-FC02,4/3/2018,Columbia,"465 Baker Woods Trail Martinez, Georgia",30907,"Mortgage Electronic Registration Systems, Inc., as nominee for Georgia Bank & Trust Company of Augusta, its successors and assigns",5/3/2013,214937,,
15-052579-FC02,4/3/2018,Columbia,"2033 Shoreline Drive Grovetown, Georgia",30813,"Mortgage Electronic Registration Systems, Inc. as nominee for First Union Mortgage Corporation",9/1/2000,85900,,Auction.com
17-065158-FC02,4/3/2018,Columbia,"124 Adams Lane Grovetown, Georgia",30813,"Mortgage Electronic Registration Systems, Inc. as nominee for NBank, N.A.",11/23/2004,160354,,Auction.com
18-068293-FC01,4/3/2018,Coweta,"245 Widgeon Drive Newnan, Georgia",30263,"Mortgage Electronic Registration Systems, Inc. as nominee for First Horizon Home Loans, A Division of First Tennessee Bank N.A., its successors and assigns",7/30/2008,83588,,ServiceLink Auction
18-068357-FC01,4/3/2018,Coweta,"170 Nectarine Drive Newnan, Georgia",30265,"Mortgage Electronic Registration Systems, Inc. as nominee for AHM Mortgage",11/18/2004,122970,,Auction.com
16-060611-FC03,4/3/2018,Coweta,"211 Sweeper Smith Road Newnan, Georgia",30263,"Mortgage Electronic Registration Systems, Inc., as nominee for Fairway Independent Mortgage Corporation",10/21/2014,117727,,Auction.com
18-068507-FC01,4/3/2018,Dawson,"25 Hedgewood Lane Dawsonville, Georgia",30534,"Bank of North Georgia Mortgage, A Division of Bank of North Georgia",8/29/2003,117161,,Auction.com
15-054628-FC06,4/3/2018,DeKalb,"495 Shadow Valley Court Lithonia, Georgia",30058,"Mortgage Electronic Registration Systems, Inc., as nominee for Home America Mortgage, Inc., its successors and assigns",6/27/2008,165278,,
14-046043-FC04,4/3/2018,DeKalb,"110 Glen Acres Drive AKA 110 Glen Acres Court Decatur, Georgia",30035,"Mortgage Electronic Registration Systems, Inc. as nominee for Homecomings Financial Network, Inc., and its successors and assigns",12/16/2003,83300,,Auction.com
10-013956-FC05,4/3/2018,DeKalb,"4222 Abilene Court Decatur, Georgia",30034,"Buckhead Mortgage Associates, Inc.",2/20/2004,111624,,Auction.com
17-065122-FC04,4/3/2018,DeKalb,"4590 Meadow Creek Path Lithonia, Georgia",30038,"Mortgage Electronic Registration Systems, Inc. as nominee for First Community Mortgage, Inc.",1/7/2013,288129,,Auction.com
17-064610-FC02,4/3/2018,DeKalb,"5418 Effingham Court Lithonia, Georgia",30038,"Bank of America, N.A.",12/26/2002,92884,,Auction.com
17-063475-FC02,4/3/2018,DeKalb,"5328 Salem Springs Place Lithonia, Georgia",30038,"Mortgage Electronic Registration Systems, Inc. as nominee for LoanDepot.com, LLC, its successors and assigns",8/3/2013,132312,,ServiceLink Auction
17-063797-FC05,4/3/2018,DeKalb,"727 Hairston Crossing Court Stone Mountain, Georgia",30083,"Wells Fargo Home Mortgage, Inc.",7/31/2003,55961,,Auction.com
18-068571-FC01,4/3/2018,DeKalb,"5307 O Mara Lane Stone Mountain, Georgia",30088,"Mortgage Electronic Registration Systems, Inc. as nominee for Southeast Mortgage of Georgia, Inc.",6/28/2013,73117,,Auction.com
18-068678-FC01,4/3/2018,DeKalb,"6219 Mathews Drive Lithonia, Georgia",30058,New Century Mortgage Corporation,2/2/2006,102320,,
18-068698-FC01,4/3/2018,DeKalb,"4760 Jackam Ridge Court Lithonia, Georgia",30038,"Wells Fargo Bank, N.A.",2/20/2014,75300,,Auction.com
18-068806-FC01,4/3/2018,DeKalb,"1569 Council Bluff Drive NE Atlanta, Georgia",30345,"Wachovia Bank, National Association",11/9/2007,200000,,
18-068511-FC01,4/3/2018,DeKalb,"4160 Rue St Germain Stone Mountain, Georgia",30083,"Mortgage Electronic Registration Systems, Inc., as nominee for Pine State Mortgage Corporation, its successors and assigns",4/17/2003,151500,,
18-068473-FC01,4/3/2018,DeKalb,"6619 Mohave Court Lithonia, Georgia",30038,"Mortgage Electronic Registration Systems, Inc., as nominee for Principal Residential Mortgage, Inc., its successors and assigns",1/27/2003,105500,,Auction.com
18-068463-FC01,4/3/2018,DeKalb,"2540 Field Spring Drive Lithonia, Georgia",30058,"Wells Fargo Home Mortgage, Inc.",10/10/2003,144365,,Auction.com
18-068315-FC01,4/3/2018,DeKalb,"1593 Cutters Mill Drive Lithonia, Georgia",30058,"Mortgage Electronic Registration Systems, Inc., as nominee for WR Starkey Mortgage, L.L.P., its successors and assigns",6/15/2010,96598,,Altisource
18-068187-FC01,4/3/2018,DeKalb,"3251 Emerald Brook Lane Decatur, Georgia",30033,HomeBanc Mortgage Corporation,8/6/2003,220000,,Auction.com
17-067884-FC01,4/3/2018,DeKalb,"3583 Hillsborough Lane Decatur, Georgia",30032,"Mortgage Electronic registration Systems, Inc. as nominee for Mid-Atlantic Financial Services, Inc.",2/6/2006,116300,,
17-068025-FC01,4/3/2018,DeKalb,"2093 Mark Trail Decatur, Georgia",30032,"Wachovia Bank, National Association",2/15/2006,101660,,
17-067328-FC02,4/3/2018,DeKalb,"475 Pennybrook Lane Stone Mountain, Georgia",30087,"Mortgage Electronic Registration Systems, Inc. as nominee for NationStar Mortgage LLC DBA Greenlight Loans , its successors and assigns",6/15/2016,136111,,ServiceLink Auction
15-054617-FC04,4/3/2018,Dougherty,"900 West 2nd Avenue Albany, Georgia",31701,"Wells Fargo Bank, N.A.",5/7/2012,73098,,Auction.com
17-067356-FC02,4/3/2018,Dougherty,"2714 Dover Lane Albany, Georgia",31721,"JPMorgan Chase Bank, N.A.",5/30/2012,239550,,Auction.com
18-068189-FC01,4/3/2018,Douglas,"4220 Soaring Drive Douglasville, Georgia",30135,"Mortgage Electronic Registration Systems, Inc. as nominee for Brand Mortgage Group, LLC",8/31/2010,138040,,Auction.com
10-005763-FC04,4/3/2018,Effingham,"105 Ogeechee River Drive Guyton, Georgia",31312,"Wells Fargo Home Mortgage, Inc.",8/22/2003,104500,,Auction.com
18-068162-FC01,4/3/2018,Effingham,"136 Harvest Drive Springfield, Georgia",31329,"Mortgage Electronic Registration Systems, Inc. as nominee for Quicken Loans Inc., its successors and assigns",9/16/2016,142274,,Auction.com
18-068627-FC01,4/3/2018,Elbert,"1277 Bodie Rayle Road Elberton, Georgia",30635,"Mortgage Electronic Registration Systems, Inc. as nominee for Lighthouse Mortgage, Inc.",9/8/2003,119000,,Auction.com
17-066427-FC02,4/3/2018,Evans,"613 Perkins Mill Road Claxton, Georgia",30417,"Mortgage Electronic Registration Systems, Inc. as nominee for Quicken Loans, Inc., its successors and assigns",6/8/2016,417000,,Auction.com
18-068378-FC01,4/3/2018,Fannin,"194 Friendly Lane Mc Caysville, Georgia",30555,"Mortgage Electronic Registration Systems, Inc., as nominee for Fremont Investment & Loan, its successors and assigns",3/17/2006,95000,,
17-065689-FC04,4/3/2018,Floyd,"407 E 18th Street SW Rome, Georgia",30161,United Community Bank,9/27/2006,68000,,Auction.com
18-068314-FC01,4/3/2018,Floyd,"655 Elliott Drive NW Rome, Georgia",30165,"Mortgage Electronic Registration Systems, Inc., as nominee for Unity Mortgage Corp., its successors and assigns",7/22/2005,102638,,Auction.com
18-068320-FC01,4/3/2018,Forsyth,"4015 Brook Drive Cumming, Georgia",30041,"Mortgage Electronic Registration Systems, Inc., as nominee for Envoy Mortgage, Ltd., its successors and assigns",3/25/2011,143929,,
15-054102-FC02,4/3/2018,Forsyth,"3935 Cutler Donahoe Way Cumming, Georgia",30040,"Mortgage Electronic Registration Systems, Inc. as nominee for BSM Financial, L.P. DBA Brokersource",3/24/2006,165404,,Auction.com
15-050892-FC02,4/3/2018,Forsyth,"2110 Lanier Heights Drive Cumming, Georgia",30041,"Mortgage Electronic Registration Systems, Inc. as nominee for Heritage Lending and Investments, LLC, its successors and assigns",6/23/2006,253029,,ServiceLink Auction
18-068175-FC01,4/3/2018,Franklin,"1320 Fairview Farm Circle Lavonia, Georgia",30553,"Mortgage Electronic Registration Systems, Inc., as nominee for Taylor, Bean & Whitaker Mortgage Corp., its successors and assigns",7/20/2006,82334,,ServiceLink Auction
18-068246-FC01,4/3/2018,Fulton,"5644 Wakehurst Drive Atlanta, Georgia",30349,"Mortgage Electronic Registration Systems, Inc., as nominee for Carrington Mortgage Services, LLC, its successors and assigns",3/5/2016,165596,,Auction.com
18-068207-FC01,4/3/2018,Fulton,"3065 Dawson Lane SW Atlanta, Georgia",30331,"Mortgage Electronic Registration Systems, Inc., as nominee for Pulte Mortgage LLC, its successors and assigns",9/22/2008,229193,,Auction.com
18-068280-FC01,4/3/2018,Fulton,"2829 Kathryn Circle SW Atlanta, Georgia",30331,"Mortgage Electronic Registration Systems, Inc. as nominee for Pine State Mortgage Corporation, A Georgia Corporation, its successors and assigns",5/20/2004,96425,,Auction.com
18-068312-FC01,4/3/2018,Fulton,"1486 Saint Michael Avenue East Point, Georgia",30344,"Mortgage Electronic Registration Systems, Inc., as nominee for Countrywide Bank, FSB, its successors and assigns",2/1/2008,87396,,ServiceLink Auction
18-068432-FC01,4/3/2018,Fulton,"1589 Brewer Boulevard SW Atlanta, Georgia",30310,"Bank of America, N.A.",3/31/2005,141775,,Auction.com
17-067669-FC01,4/3/2018,Fulton,"9893 Vista Circle Union City, Georgia",30291,HomeBanc Mortgage Corporation,11/22/2002,119800,,Altisource
18-068716-FC01,4/3/2018,Fulton,"2390 Capella Circle SW Atlanta, Georgia",30331,"Mortgage Electronic Registration Systems, Inc., as nominee for Platinum Mortgage, Inc., its successors and assigns",9/24/2009,115862,,Auction.com
18-068668-FC01,4/3/2018,Fulton,"505 Newport Trace Alpharetta, Georgia",30005,"Argent Mortgage Company, LLC",9/27/2004,494100,,
18-068643-FC01,4/3/2018,Fulton,"28 Finch Trail Atlanta, Georgia",30308,"Mortgage Electronic Registration Systems, Inc. as nominee for Wachovia Mortgage Corporation",5/5/2005,70000,,Auction.com
14-049625-FC04,4/3/2018,Fulton,"292 Hermer Circle NW Atlanta, Georgia",30311,"Mortgage Electronic Registration Systems, Inc. as nominee for Taylor, Bean & Whitaker Mortgage Corporation, its successors and assigns",12/13/2005,108300,,ServiceLink Auction
12-028878-FC09,4/3/2018,Fulton,"3123 Wolf Club Drive Atlanta, Georgia",30349,"Wells Fargo Home Mortgage, Inc.",4/30/2004,272164,,Auction.com
15-053069-FC03,4/3/2018,Fulton,"1726 Fairbanks Street SW Atlanta, Georgia",30310,"JPMorgan Chase Bank, N.A.",9/4/2007,148400,,
15-054407-FC04,4/3/2018,Fulton,"735 Amsterdam Avenue NE Atlanta, Georgia",30306,"Wachovia Bank, National Association",3/18/2004,205000,,
16-057766-FC05,4/3/2018,Fulton,"330 Alamosa Path SW Atlanta, Georgia",30349,"Mortgage Electronic Registration Systems, Inc. as nominee for Carrington Mortgage Services, LLC, its successors and assigns",11/12/2013,265010,,Auction.com
16-059197-FC02,4/3/2018,Fulton,"7197 Glaspie Way Atlanta, Georgia",30349,"Buckhead Mortgage Associates, Inc.",4/24/2009,226399,,ServiceLink Auction
16-060695-FC02,4/3/2018,Fulton,"7666 Bowhead Court Fairburn, Georgia",30213,"Mortgage Electronic Registration Systems, Inc. as nominee for Pine State Mortgage Corporation, its successors and assigns",12/19/2008,187748,,ServiceLink Auction
17-065399-FC02,4/3/2018,Fulton,"2261 Capella Circle SW Atlanta, Georgia",30331,"Mortgage Electronic Registration Systems, Inc. as nominee for Quicken Loans Inc., its successors and assigns",11/13/2015,159315,,Auction.com
17-063958-FC02,4/3/2018,Fulton,"9490 Riverclub Parkway Duluth, Georgia",30097,HomeBanc Mortgage Corporation,8/1/2002,550000,,
17-063619-FC02,4/3/2018,Fulton,"3727 Newhalem Street SW Atlanta, Georgia",30331,"Mortgage Electronic Registration Systems, Inc., as nominee for Southeast Mortgage of Georgia, Inc., its successors and assigns",12/7/2012,178703,,Auction.com
17-064817-FC03,4/3/2018,Glynn,"1000 Egmont Street Brunswick, Georgia",31520,"Mortgage Electronic Registration Systems, Inc. as nominee for Nationstar Mortgage LLC, DBA Greenlight Loans, its successors and assigns",1/27/2015,259400,,Auction.com
17-067508-FC03,4/3/2018,Gordon,"154 Lois Street SE Calhoun, Georgia",30701,"Wells Fargo Bank, N.A.",3/31/2011,44000,,Auction.com
18-068393-FC01,4/3/2018,Gordon,"429 E Plainview Road SE Adairsville, Georgia",30103,"Wachovia Bank, National Association",1/12/2006,72811,,
17-063711-FC02,4/3/2018,Gordon,"284 Charmin Circle SE Calhoun, Georgia",30701,Bank of America N.A.,12/28/2007,105839,,
18-068197-FC01,4/3/2018,Grady,"1016 Singletary Road Cairo, Georgia",39828,"Mortgage Electronic Registration Systems, Inc., as nominee for Taylor, Bean & Whitaker Mortgage Corp., its successors and assigns",1/25/2008,95654,,ServiceLink Auction
18-068667-FC01,4/3/2018,Gwinnett,"1471 High Cotton Court Lawrenceville, Georgia",30043,"Mortgage Electronic Registration Systems, Inc. as nominee for Mortgage Lenders Network USA, Inc.",5/27/2005,260000,,
18-068146-FC02,4/3/2018,Gwinnett,"2775 Wildflower Lane Snellville, Georgia",30039,Sun America Mortgage Corporation,9/24/1993,72050,,Auction.com
18-068249-FC01,4/3/2018,Gwinnett,"1220 Rivershyre Parkway Lawrenceville, Georgia",30043,"Mortgage Electronic Registration Systems, Inc., as nominee for NFM, Inc. d/b/a National Fidelity Mortgage Corporation, its successors and assigns",4/14/2009,313300,,Chronos Solutions
17-068026-FC01,4/3/2018,Gwinnett,"195 Graymist Lane Loganville, Georgia",30052,"Wachovia Bank, National Association",8/19/2006,50000,,
18-068316-FC01,4/3/2018,Gwinnett,"4561 Plantation Mill Trail Buford, Georgia",30519,"Mortgage Electronic Registration Systems, Inc., as nominee for Primary Capital Advisors, LC, its successors and assigns",9/25/2009,165343,,Auction.com
18-068508-FC01,4/3/2018,Gwinnett,"2470 Shumard Oak Drive Braselton, Georgia",30517,"Citibank, N.A.",9/28/2007,190000,,
18-068411-FC01,4/3/2018,Gwinnett,"1049 Pathview Court Dacula, Georgia",30019,"Mortgage Electronic Registration Systems, Inc., as nominee for Congressional Bank, its successors and assigns",7/18/2016,414675,,Auction.com
17-066493-FC03,4/3/2018,Gwinnett,"8463 Hightower Trail Snellville, Georgia",30058,Paragon Mortgage Corporation,11/27/1991,74050,,Auction.com
17-067068-FC02,4/3/2018,Gwinnett,"880 Burning Bush Drive Loganville, Georgia",30052,"Wells Fargo Home Mortgage, Inc.",1/24/2002,146667,,Auction.com
14-048650-FC08,4/3/2018,Gwinnett,"1750 Braselton Highway Lawrenceville, Georgia",30043,"Mortgage Electronic Registration Systems, Inc. as nominee for Everett Financial Inc., DBA Supreme Lending",2/28/2013,130591,,Auction.com
12-030618-FC03,4/3/2018,Gwinnett,"4470 Alvin Place Snellville, Georgia",30039,Homebanc Mortgage Corporation,9/28/2001,104800,,Auction.com
12-033521-FC05,4/3/2018,Gwinnett,"3756 Green Bay Drive Lawrenceville, Georgia",30044,"Mortgage Electronic Registration Systems, Inc., as nominee for Just Mortgage, Inc.",5/26/2004,150000,,Auction.com
15-056081-FC06,4/3/2018,Gwinnett,"4285 Hopkins Bluff Way Duluth, Georgia",30096,"Mortgage Electronic Registration Systems, Inc. as nominee for Taylor, Bean and Whitaker Mortgage Corp., its successors and assigns",8/7/2008,203984,,ServiceLink Auction
15-055970-FC04,4/3/2018,Gwinnett,"2492 Mistletoe Lane Snellville, Georgia",30039,"Mortgage Electronic Registration Systems, Inc. as nominee for GMAC Mortgage, LLC f/k/a GMAC Mortgage Corporation, its successors and assigns",1/26/2007,154000,,Auction.com
17-063661-FC04,4/3/2018,Gwinnett,"2096 Peach Shoals Circle fka 2096 Peachtree Shoals Circle Dacula, Georgia",30019,"Greater Atlanta Financial Services, LLC",11/29/2006,223100,,Auction.com
17-065940-FC02,4/3/2018,Gwinnett,"2211 Chance Lane Grayson, Georgia",30017,"First Atlantic Mortgage, L.L.C. of Georgia",6/1/2009,387375,,
17-065956-FC02,4/3/2018,Gwinnett,"6038 Eagles Rest Trail Sugar Hill, Georgia",30518,"Mortgage Electronic Registration Systems, Inc., as nominee for Pensacola Guarantee Mortgage, its successors and assigns",9/29/2006,371600,,
17-065131-FC02,4/3/2018,Gwinnett,"1567 Hickory Drive SW Lilburn, Georgia",30047,"Mortgage Electronic Registration Systems, Inc. as nominee for Quicken Loan Inc., its successors and assigns",10/19/2012,131921,,Auction.com
17-065147-FC02,4/3/2018,Gwinnett,"3708 Woodrose Court Snellville, Georgia",30039,"Mortgage Electronic Registration Systems, Inc., as nominee for Real Estate Mortgage Network, Inc., its successors and assigns",2/12/2010,105375,,Auction.com
17-065351-FC03,4/3/2018,Gwinnett,"3625 Longlake Drive Duluth, Georgia",30097,"Mortgage Electronic Registration Systems, Inc. as nominee for America's Wholesale Lender, its successors and assigns",4/10/2006,158320,,Auction.com
16-057425-FC05,4/3/2018,Gwinnett,"775 Somerset Vale Drive Lawrenceville, Georgia",30044,"Mortgage Electronic Registration Systems, Inc. as nominee for Opteum Financial Services, LLC, its successors and assigns",2/15/2006,172000,,Xome.com
17-065156-FC03,4/3/2018,Habersham,"300 Chuckwagon Road Demorest, Georgia",30535,"Mortgage Electronic Registration Systems, Inc., as nominee for Taylor, Bean and Whitaker Mortgage Corp., its successors and assigns",11/26/2008,65900,,Auction.com
18-068259-FC01,4/3/2018,Habersham,"828 Lakeview Heights Cornelia, Georgia",30531,The Mortgage People Co.,11/9/2001,157500,,Auction.com
18-068261-FC01,4/3/2018,Hall,"5464 Cool Springs Road Gainesville, Georgia",30506,"Mortgage Electronic Registration Systems, Inc. as nominee for NationStar Mortgage LLC DBA GreenLight Loans, its successors and assigns",6/9/2016,108567,,Auction.com
17-066462-FC02,4/3/2018,Harris,"1257 Douglas Drive Ellerslie, Georgia",31807,"Mortgage Electronic Registration Systems, Inc., as nominee for Heritagebank of the South, its successors and assigns",12/23/2013,155879,,
17-067675-FC01,4/3/2018,Harris,"35 Dogwood Street West Point, Georgia",31833,"Mortgage Electronic Registration Systems, Inc. as nominee for Synovus Mortgage Corp., its successors and assigns",2/29/2008,84572,,Auction.com
18-068391-FC01,4/3/2018,Harris,"10933 US Highway 27 E Hamilton, Georgia",31811,"Mortgage Electronic Registration Systems, Inc., as nominee for Freedom Mortgage Corporation, its successors and assigns",2/22/2016,79973,,Auction.com
12-034670-FC04,4/3/2018,Harris,"202 Teel Circle Fortson, Georgia",31808,"Mortgage Electronic Registration Systems, Inc. as nominee for Market Street Mortgage Corporation, its successors and assigns",1/22/2003,110000,,Auction.com
18-068478-FC01,4/3/2018,Heard,"1101 S Bridge Road Franklin, Georgia",30217,Wells Fargo Bank N.A.,5/24/2004,190000,,
18-068496-FC01,4/3/2018,Henry,"130 Bloomfield Drive Stockbridge, Georgia",30281,United Bank,8/28/2001,127300,,
18-068387-FC01,4/3/2018,Henry,"4136 Jodeco Road Mcdonough, Georgia",30253,"Wells Fargo Bank, N.A.",3/9/2006,135000,,
17-065939-FC02,4/3/2018,Henry,"4580 Adams Court Rex, Georgia",30273,"Mortgage Electronic Registration Systems, Inc. as nominee for Taylor, Bean & Whitaker Mortgage Corp., its successors and assigns",12/28/2005,175939,,
15-056362-FC03,4/3/2018,Henry,"124 Harrison Place Hampton, Georgia",30228,"Mortgage Electronic Registration Systems, Inc. as nominee for Real Estate Mortgage Network, Inc., its successors and assigns",6/25/2012,179332,,Auction.com
07-6902-FC09,4/3/2018,Henry,"607 Grove Pointe Way Locust Grove, Georgia",30248,"Mortgage Electronic Registration Systems, Inc., as nominee for Fremont Investment & Loan",8/24/2006,133650,,
16-057519-FC02,4/3/2018,Henry,"100 Hamilton Pointe Drive McDonough, Georgia",30253,"Mortgage Electronic Registration Systems, Inc. as nominee for Primary Residential Mortgage, Inc.",11/15/2012,160930,,Auction.com
14-050102-FC03,4/3/2018,Houston,"101 Orchard Road Perry, Georgia",31069,"Mortgage Electronic Registration Systems, Inc. as nominee for Taylor, Bean & Whitaker Mortgage Corp., its successors and assigns",8/1/2005,130170,,ServiceLink Auction
18-068697-FC01,4/3/2018,Houston,"442 Dunmurry Place Warner Robins, Georgia",31093,"Mortgage Electronic Registration Systems, Inc., as nominee for Freedom Financial Mortgage Corporation",12/28/2007,86827,,
18-068572-FC01,4/3/2018,Houston,"608 Frank Satterfield Road Perry, Georgia",31069,"Mortgage Electronic Registration Systems, Inc. as nominee for Market Street Mortgage Corporation",7/2/2004,63897,,Auction.com
17-066283-FC03,4/3/2018,Houston,"604 Alexis Way Bonaire, Georgia",31005,"Mortgage Electronic Registration Systems, Inc., as nominee for Carrington Mortgage Services, LLC, its successors and assigns",9/7/2012,230644,,Auction.com
18-068345-FC01,4/3/2018,Houston,"106 Garden Court Warner Robins, Georgia",31088,"Citicorp Trust Bank, fsb",7/31/2006,81384.5,,
18-068433-FC01,4/3/2018,Houston,"511 Terrell Street Warner Robins, Georgia",31088,"Mortgage Electronic Registration Systems, Inc., as nominee for KLW, Inc dba Northside Mortgage, its successors and assigns",3/31/2009,127645,,Auction.com
18-068277-FC01,4/3/2018,Jones,"3372 Olympia Circle Macon, Georgia",31211,"Mortgage Electronic Registration Systems, Inc. as nominee for United Wholesale Mortgage, its successors and assigns",9/17/2009,77838,,Auction.com
10-006386-FC10,4/3/2018,Lamar,"143 Bradley Circle Barnesville, Georgia",30204,First Start Mortgage Corporation,10/4/2005,60000,,
18-068273-FC01,4/3/2018,Lee,"463 Jordan Road Leesburg, Georgia",31763,"Wells Fargo Bank, N.A.",1/14/2011,198800,,
18-068602-FC01,4/3/2018,Lowndes,"3875 Heatherwoods Drive Valdosta, Georgia",31605,"Mortgage Electronic Registration Systems, Inc., as nominee for Ameritime Mortgage Company, LLC, its successors and assigns",8/29/2007,73000,,Auction.com
18-068541-FC01,4/3/2018,Lowndes,"3331 Cedar Drive Valdosta, Georgia",31601,"Mortgage Electronic Registration Systems, Inc. as nominee for Synovus Mortgage Corp.",2/14/2014,63085,,Auction.com
17-067224-FC01,4/3/2018,Lowndes,"3908 Conway Circle Valdosta, Georgia",31605,"Mortgage Electronic Registration Systems, Inc. as nominee for USAA Federal Savings Bank, its successors and assigns",3/3/2014,172000,,Auction.com
18-068397-FC01,4/3/2018,Lowndes,"4145 Johnson Road Valdosta, Georgia",31601,"Genesis Mortgage, LLC",7/20/2005,68600,,Auction.com
17-065910-FC03,4/3/2018,Lowndes,"4458 Carter Way Valdosta, Georgia",31601,"Wells Fargo Bank, N.A.",10/1/2010,82265,,Auction.com
14-046246-FC02,4/3/2018,Lowndes,"2313 Chattooga Drive Valdosta, Georgia",31602,"Mortgage Electronic Registration Systems, Inc. as nominee for Ameritime Mortgage Company, LLC",8/29/2007,72000,,Auction.com
14-046464-FC03,4/3/2018,Lowndes,"2014 Bradley Avenue Valdosta, Georgia",31602,"Mortgage Electronic Registration Systems, Inc. as nominee for Ameritime Mortgage Company, LLC",8/29/2007,63000,,Auction.com
16-062200-FC02,4/3/2018,Lumpkin,"63 Green Holly Place Dawsonville, Georgia",30534,"Mortgage Electronic Registration Systems, Inc., as nominee for Taylor, Bean and Whitaker Mortgage Corp., its successors and assigns",6/30/2008,102393,,
18-068190-FC01,4/3/2018,Meriwether,"115 E Trigville Street Manchester, Georgia",31816,"Mortgage Electronic Registration Systems, Inc. as nominee for Taylor, Bean & Whitaker Mortgage Corp., its successors and assigns",12/3/2007,102515,,ServiceLink Auction
15-054050-FC03,4/3/2018,Meriwether,"145 Hannah Court Greenville, Georgia",30222,"Mortgage Electronic Registration Systems, Inc., as nominee for First Community Mortgage, Inc.",6/11/2010,77616,,Auction.com
15-054389-FC02,4/3/2018,Mitchell,"81 E Cochran Street Camilla, Georgia",31730,"Mortgage Electronic Registration Systems, Inc. as nominee for Home America Mortgage, Inc., its successors and assigns",4/14/2008,54529,,ServiceLink Auction
18-068408-FC01,4/3/2018,Murray,"499 Bob White Trail Chatsworth, Georgia",30705,"Mortgage Electronic Registration Systems, Inc., as nominee for SouthTrust Mortgage Corporation, its successors and assigns",4/17/2003,51984,,Chronos Solutions
17-065802-FC03,4/3/2018,Muscogee,"5111 Sand Hill Drive Columbus, Georgia",31907,"Mortgage Electronic Registration Systems, Inc., as nominee for Mortgage Research Center, LLC DBA Veterans United Home Loans",6/17/2013,201753,,
16-062533-FC04,4/3/2018,Muscogee,"6539 Forrest Road Columbus, Georgia",31907,New Century Mortgage Corporation,3/13/2006,60000,,
16-058173-FC01,4/3/2018,Muscogee,"1820 Bunker Hill Road Columbus, Georgia",31907,"Mortgage Electronic Registration Systems, Inc. as nominee for First Mutual Mortgage Corporation",3/17/2008,119770,,ServiceLink Auction
18-068524-FC01,4/3/2018,Muscogee,"2901 Ramsey Road Columbus, Georgia",31903,"Wells Fargo Bank, N.A.",8/23/2012,111899,,Auction.com
18-068353-FC01,4/3/2018,Muscogee,"4519 Ivy Patch Drive Fortson, Georgia",31808,"Wells Fargo Bank, N.A.",7/16/2010,207672,,Auction.com
18-068313-FC01,4/3/2018,Muscogee,"3 Wabash Court Columbus, Georgia",31907,"Mortgage Electronic Registration Systems, Inc., as nominee for Fairfield Financial Services, Inc., d/b/a Group Financial Southeast, its successors and assigns",6/11/2004,123954,,Altisource
17-066175-FC03,4/3/2018,Muscogee,"7213 Wrenwood Drive Columbus, Georgia",31909,"Wells Fargo Bank, N.A.",11/29/2006,165200,,
17-066120-FC02,4/3/2018,Muscogee,"6034 Cherry Wood Drive Columbus, Georgia",31907,"Mortgage Electronic Registration Systems, Inc., as nominee for Quicken Loans, Inc., its successors and assigns",3/24/2006,130000,,
17-067609-FC01,4/3/2018,Muscogee,"2210 Simmons Avenue Columbus, Georgia",31903,"Mortgage Electronic Registration Systems, Inc. as nominee for Sunshine Mortgage Corporation, its successors and assigns",9/14/2005,56129,,Chronos Solutions
17-067639-FC01,4/3/2018,Muscogee,"3002 Foresthill Drive Columbus, Georgia",31907,"Wells Fargo Bank, N.A.",10/15/2007,58400,,
17-067382-FC02,4/3/2018,Muscogee,"3811 Conrad Drive Columbus, Georgia",31909,"Mortgage Electronic Registration Systems, Inc., as nominee for Iberiabank Mortgage Company, its successors and assigns",4/23/2010,102606,,Auction.com
17-067462-FC01,4/3/2018,Muscogee,"2416 8th Street Columbus, Georgia",31906,First Union National Bank,5/11/2001,58500,,
18-068651-FC01,4/3/2018,Muscogee,"8900 Heiferhorn Court Columbus, Georgia",31904,"Mortgage Electronic Registration Systems, Inc. as nominee for Wachovia Mortgage Corporation",10/19/2004,83000,,Auction.com
17-067262-FC03,4/3/2018,Newton,"155 Sunflower Lane Covington, Georgia",30016,"Mortgage Electronic Registration Systems, Inc. as nominee for Terrace Mortgage Company, its successors and assigns",1/22/2009,187294,,Auction.com
17-067276-FC02,4/3/2018,Newton,"535 Womack Road Covington, Georgia",30016,"Mortgage Electronic Registration Systems, Inc., as nominee for Pine State Mortgage Corporation, its successors and assigns",10/30/2007,91926,,Auction.com
18-068212-FC01,4/3/2018,Newton,"40 Fairclift Drive Covington, Georgia",30016,"Mortgage Electronic Registration Systems, Inc., as nominee for Home America Mortgage, Inc., its successors and assigns",7/26/2002,108529,,Auction.com
17-063488-FC03,4/3/2018,Newton,"265 Meadowbrook Court Covington, Georgia",30016,HomeBanc Mortgage Corporation,4/26/2004,176900,,ServiceLink Auction
18-068364-FC01,4/3/2018,Oglethorpe,"156 Highland Circle Crawford, Georgia",30630,New Century Mortgage Corporation,1/25/2005,136000,,
18-068710-FC01,4/3/2018,Paulding,"46 Hollow Court Dallas, Georgia",30157,"Mortgage Electronic Registration Systems, Inc., as nominee for Wachovia Mortgage Corporation, its successors and assigns",5/23/2006,110000,,Auction.com
18-068329-FC01,4/3/2018,Paulding,"266 Cobbler Cove Drive Dallas, Georgia",30132,"Mortgage Electronic Registration Systems, Inc., as nominee for Freedom Mortgage Corporation, its successors and assigns",4/14/2009,150001,,ServiceLink Auction
18-068502-FC01,4/3/2018,Paulding,"64 Farm Brook Lane Dallas, Georgia",30157,"Mortgage Electronic Registration Systems, Inc. as nominee for New Freedom Mortgage Corporation",1/17/2004,86257,,Auction.com
18-068457-FC01,4/3/2018,Paulding,"344 Birchwood Drive Temple, Georgia",30179,"Mortgage Electronic Registration Systems, Inc., as nominee for Countrywide Home Loans, Inc., its successors and assigns",1/19/2005,153688,,
18-068203-FC01,4/3/2018,Paulding,"582 Homestead Drive Dallas, Georgia",30157,"Mortgage Electronic Registration Systems, Inc., as nominee for Countrywide Home Loans, Inc., its successors and assigns",2/11/2005,231323,,Auction.com
18-068154-FC01,4/3/2018,Paulding,"112 Fox Ridge Court Dallas, Georgia",30157,Regions Bank d/b/a Regions Mortgage,5/25/2012,106531,,Auction.com
15-052729-FC03,4/3/2018,Paulding,"241 Boulder View Parkway Dallas, Georgia",30157,"Mortgage Electronic Registration Systems, Inc. as nominee for Platinum Community Bank, its successors and assigns",7/15/2009,203454,,
15-054420-FC03,4/3/2018,Paulding,"84 Lee Anna Path Powder Springs, Georgia",30127,"Union Planters Bank, NA d/b/a Regions Mortgage",12/28/2004,80000,,
17-065896-FC02,4/3/2018,Paulding,"156 Tricias Way Temple, Georgia",30179,"Mortgage Electronic Registration Systems, Inc. as nominee for Pine State Mortgage Corporation, A Georgia Corporation, its successors and assigns",8/24/2004,113527,,Auction.com
17-064906-FC03,4/3/2018,Paulding,"105 Scotland Drive Dallas, Georgia",30132,"Mortgage Electronic Registration Systems, Inc. as nominee for WR Starkey Mortgage, L.L.P., its successors and assigns",12/28/2009,220924,,ServiceLink Auction
17-064019-FC03,4/3/2018,Paulding,"5072 Hiram Douglasville Highway Powder Springs, Georgia",30127,"LendMark Financial Services, Inc.",9/18/2009,99000,,
18-068568-FC01,4/3/2018,Peach,"119 Elizabeth Drive Byron, Georgia",31008,"Mortgage Electronic Registration Systems, Inc. as nominee for IberiaBank Mortgage Company, An Arkansas Corporation",9/25/2015,142373,,Auction.com
13-043614-FC03,4/3/2018,Pickens,"477 Scarecorn Creek Road Talking Rock, Georgia",30175,Regions Bank d/b/a Regions Mortgage,2/20/2007,290000,,Auction.com
16-063112-FC02,4/3/2018,Polk,"414 Old Cedartown Road Rockmart, Georgia",30153,"Mortgage Electronic Registration Systems, Inc., as nominee for Taylor, Bean and Whitaker Mortgage Corp., its successors and assigns",2/17/2005,81020,,Xome.com
17-067159-FC02,4/3/2018,Polk,"233 Baldwin Road Rockmart, Georgia",30153,"Mortgage Electronic Registration Systems, Inc., as nominee for Freedom Mortgage Corporation, its successors and assigns",10/11/2011,137596,,ServiceLink Auction
18-068147-FC01,4/3/2018,Polk,"770 Friendship Road Cedartown, Georgia",30125,"Mortgage Electronic Registration Systems, Inc., as nominee for Real Estate Mortgage Network, Inc, its successors and assigns",3/30/2009,100250,,Chronos Solutions
17-066529-FC02,4/3/2018,Putnam,"152 Sparrow Way Eatonton, Georgia",31024,"Mortgage Electronic Registration Systems, Inc., as nominee for Taylor, Bean & Whitaker Mortgage Corp., its successors and assigns",5/22/2007,126367,,ServiceLink Auction
16-056728-FC03,4/3/2018,Richmond,"2313 Prescott Place Hephzibah, Georgia",30815,"Mortgage Electronic Registration Systems, Inc. as nominee for Carrington Mortgage Services, LLC, its successors and assigns",6/16/2015,78754,,Auction.com
17-065837-FC02,4/3/2018,Richmond,"3271 Hillwood Lane Augusta, Georgia",30909,Wachovia Mortgage Corporation,9/22/2006,145000,,
17-067870-FC01,4/3/2018,Richmond,"3313 Wombles Court Hephzibah, Georgia",30815,NationsBanc Mortgage Corporation,4/28/1994,82518,,
18-068248-FC01,4/3/2018,Richmond,"1920 Dabney Drive Augusta, Georgia",30906,"Wachovia Mortgage, FSB",8/1/2008,46306,,Xome.com
18-068406-FC01,4/3/2018,Richmond,"2875 Wells Drive Augusta, Georgia",30906,"Secretary of Veterans Affairs, an Officer of the United States of America",1/4/1999,44374.5,,
18-068431-FC01,4/3/2018,Richmond,"1547 Brown Road Hephzibah, Georgia",30815,"Mortgage Electronic Registration Systems, Inc., as nominee for Carrington Mortgage Services, LLC, its successors and assigns",7/29/2016,115429,,
18-068332-FC01,4/3/2018,Richmond,"625 Bohler Avenue Augusta, Georgia",30904,"The Secretary of Veterans Affairs, An Officer of the United States of America, it successors and assigns",10/17/2006,39425,,
18-068276-FC01,4/3/2018,Rockdale,"1078 W Adrian Circle SW Conyers, Georgia",30094,"Mortgage Electronic Registration Systems, Inc. as nominee for Countrywide Home Loans, Inc., its successors and assigns",2/26/2006,57650,,Auction.com
17-067996-FC01,4/3/2018,Rockdale,"1124 Saint Remy Way SE Conyers, Georgia",30013,"Mortgage Electronic Registration Systems, Inc., as nominee for Real Estate Mortgage Network, Inc., its successors and assigns",5/31/2011,307014,,Xome.com
17-068053-FC02,4/3/2018,Rockdale,"2205 Wittering Way Conyers, Georgia",30013,"Mortgage Electronic Registration Systems, Inc. as nominee for Prospect Mortgage, LLC, A Limited Liability Company, its successors and assigns",6/22/2015,244800,,Auction.com
18-068554-FC01,4/3/2018,Rockdale,"3889 Pointers Way SW Conyers, Georgia",30094,"Mortgage Electronic Registration Systems, Inc., as nominee for Primary Residential Mortgage, Inc.",6/25/2013,130099,,Auction.com
16-058212-FC02,4/3/2018,Rockdale,"615 Lakeridge Circle SE Conyers, Georgia",30094,"Prestige Mortgage Co., Inc.",3/23/2007,77089,,Xome.com
15-055478-FC02,4/3/2018,Rockdale,"2617 Lake Capri Drive Conyers, Georgia",30012,"Mortgage Electronic Registration Systems, Inc. as nominee for Pine State Mortgage Corporation, its successors and assigns",3/31/2008,142455,,Auction.com
10-006977-FC06,4/3/2018,Rockdale,"1843 Hickory Street SE Conyers, Georgia",30013,Homebanc Mortgage Corporation,11/20/2006,108770,,
14-050025-FC05,4/3/2018,Spalding,"1583 W Poplar Street Griffin, Georgia",30223,"First Service Mortgage, Inc.",12/6/1999,77362,,ServiceLink Auction
17-067366-FC01,4/3/2018,Tattnall,"705 E Simon Street Glennville, Georgia",30427,"Mortgage Electronic Registration Systems, Inc. as nominee for Primesouth Bank DBA Primesouth Mortgage, its successors and assigns",4/29/2016,100257,,
16-056944-FC03,4/3/2018,Taylor,"430 GA Highway 90 E Rupert, Georgia",31081,"First Family Financial Services of GA, Inc.",7/20/2000,39989.19,,
16-063050-FC03,4/3/2018,Toombs,"111 Crescent Court Lyons, Georgia",30436,"Mortgage Electronic Registration Systems, Inc. as nominee for Bayrock Mortgage Corporation, its successors and assigns",9/11/2008,113502,,ServiceLink Auction
15-051071-FC03,4/3/2018,Troup,"826 Glover Road Hogansville, Georgia",30230,First Federal Savings Bank of Lagrange,11/11/1997,58650,,
18-068279-FC01,4/3/2018,Troup,"107 Rosalie Way LaGrange, Georgia",30240,"Mortgage Electronic Registration Systems, Inc. as nominee for Fidelity Home Mortgage Corp., its successors and assigns",12/27/2007,166980,,Auction.com
18-068476-FC01,4/3/2018,Troup,"114 Pine Circle LaGrange, Georgia",30241,"Mortgage Electronic Registration Systems, Inc., as nominee for Wilmington Finance, Inc., its successors and assigns",5/10/2006,101500,,Xome.com
18-068338-FC01,4/3/2018,Walker,"7364 Highway 193 Flintstone, Georgia",30725,"Mortgage Electronic Registration Systems, Inc. as nominee for FirstCity Mortgage, Inc., its successors and assigns",7/19/2004,81717,,Chronos Solutions
10-014329-FC07,4/3/2018,Whitfield,"1813 Lawson Avenue Dalton, Georgia",30720,Fidelity Federal Savings Bank,9/22/1995,44175,,
16-062916-FC02,4/3/2018,Worth,"5301 Treasure Circle Albany, Georgia",31705,"American General Financial Services, Inc.",1/14/2005,47369,,
