16-060789-FC03,9/5/2017,Baldwin,107 Medlin Road SE Milledgeville, Georgia,31061,Mortgage Electronic Registration Systems, Inc., as nominee for Taylor, Bean and Whitaker Mortgage Corp., its successors and assigns,9/24/2007,100789,,Hudson & Marshall,
17-065067-FC01,9/5/2017,Baldwin,2359 River Ridge Road NE Milledgeville, Georgia,31061,American Freedom Mortgage, Inc.,10/11/2002,71400,,,,,,
17-065817-FC01,9/5/2017,Banks,121 Classic Overlook Homer, Georgia,30547,Mortgage Electronic Registration Systems, Inc. as nominee for Wachovia Mortgage Corporation,5/31/2007,268000,,,,,,
15-054554-FC04,9/5/2017,Barrow,811 Pruitt Road Bethlehem, Georgia,30620,Mortgage Electronic Registration Systems, Inc. as nominee for Taylor, Bean and Whitaker Mortgage Corp., its successors and assigns,5/9/2007,105347,,Hudson & Marshall,,
16-062654-FC02,9/5/2017,Barrow,1110 Otis Drive Bethlehem, Georgia,30620,Mortgage Electronic Registration Systems, Inc., as nominee for Home America Mortgage, Inc., its successors and assigns,5/20/2005,155460,,Hudson & Marshall,
16-060410-FC02,9/5/2017,Ben Hill,126 Wilson Avenue Fitzgerald, Georgia,31750,Mortgage Electronic Registration Systems, Inc., as nominee for E-Loan, Inc., its successors and assigns,5/29/2007,128250,,Auction.com,
16-059043-FC02,9/5/2017,Brooks,125 Trailwood Road Valdosta, Georgia,31602,Bank of America N.A.,5/26/2009,214183,,Auction.com,,,,,
16-063028-FC02,9/5/2017,Camden,615 Royal Avenue Kingsland, Georgia,31548,Mortgage Electronic Registration Systems, Inc. as nominee for PHH Mortgage Corporation d/b/a ERA Mortgage, its successors and assigns,9/30/2011,72375,,Auction.com,,,
12-030572-FC03,9/5/2017,Carroll,401 South Boulevard Carrollton, Georgia,30117,Mortgage Electronic Registration Systems, Inc., as nominee for Opteum Financial Services, LLC, its successors and assigns,8/15/2005,123500,,,
17-066003-FC01,9/5/2017,Carroll,3047 Stateline Road Bowdon, Georgia,30108,Wells Fargo Bank, N.A.,10/29/2011,70000,,Auction.com,,,,
17-064785-FC02,9/5/2017,Carroll,904 Elderberry Lane Villa Rica, Georgia,30180,Wells Fargo Bank, N.A.,11/22/2013,159815,,Auction.com,,,,
17-065803-FC01,9/5/2017,Carroll,695 Ballard Bridge Road Carrollton, Georgia,30117,Mortgage Electronic Registration Systems, Inc., as nominee for Quicken Loans, Inc., its successors and assigns,2/19/2016,60877,,Auction.com,
17-065786-FC02,9/5/2017,Carroll,20 Reid Road Carrollton, Georgia,30117,Mortgage Electronic Registration Systems, Inc., as nominee for Lend America, its successors and assigns,1/5/2009,97680,,Hudson & Marshall,,
16-062488-FC02,9/5/2017,Carroll,422 Ridgewood Drive Villa Rica, Georgia,30180,Mortgage Electronic Registration Systems, Inc. as nominee for Infinity Mortgage Corporation D/B/A Res-Com Financial,12/30/2004,140724,,Auction.com,,,,
17-063389-FC03,9/5/2017,Carroll,124 Taylors Lane Carrollton, Georgia,30117,Mortgage Electronic Registration Systems, Inc. as nominee for Shelter Mortgage Company, LLC dba Fairfield Mtg, its successors and assigns,6/22/2007,101000,,,,
16-058089-FC02,9/5/2017,Catoosa,103 Christ Street Fort Oglethorpe, Georgia,30742,Mortgage Electronic Registration Systems, Inc. as nominee for Mortgage Research Center, LLC dba Veterans United Home Loans,10/17/2014,101235,,,,,
15-055152-FC02,9/5/2017,Chatham,61 Hamilton Grove Drive Pooler, Georgia,31322,Mortgage Electronic Registration Systems, Inc. as nominee for CTX Mortgage Company, LLC its successors and assigns,9/29/2009,152733,,Auction.com,,,
15-052125-FC03,9/5/2017,Chatham,8906 Old Montgomery Road Savannah, Georgia,31406,Mortgage Electronic Registration Systems, Inc. as nominee for Riverside Residential Lending and its successors and assigns,3/29/2002,129750,,Auction.com,,,,
13-045050-FC01,9/5/2017,Chatham,101 Marsh Edge Lane Savannah, Georgia,31419,Bank of America, N.A.,3/12/2010,199907,,Auction.com,,,,
16-062130-FC02,9/5/2017,Chatham,404 James Road Pooler, Georgia,31322,FedFirst Financial Group,2/5/1996,64051,,,,,,,
17-065914-FC01,9/5/2017,Chatham,616 W 39Th Street Savannah, Georgia,31415,Mortgage Electronic Registration Systems, Inc. as nominee for Royal United Mortgage LLC, its successors and assigns,7/12/2011,40000,,Auction.com,,,
17-065682-FC01,9/5/2017,Chatham,413 Lions Den Drive Pooler, Georgia,31322,Mortgage Electronic Registration Systems, Inc., as nominee for USAA Federal Savings Bank, its successors and assigns,10/28/2014,189806,,Auction.com,,
16-061543-FC02,9/5/2017,Cherokee,132 Grove Park Lane Woodstock, Georgia,30189,Mortgage Electronic Registration Systems, Inc. as nominee for WR Starkey Mortgage, LLP,5/20/2010,109800,,Auction.com,,,
16-063166-FC02,9/5/2017,Cherokee,404 Pepperbush Bend Canton, Georgia,30114,Mortgage Electronic Registration Systems, Inc., as nominee for CitiMortgage, Inc., its successors and assigns,11/20/2006,152608,,Auction.com,
17-063471-FC02,9/5/2017,Cherokee,2309 Westland Mill Acworth, Georgia,30102,Mortgage Electronic Registration Systems, Inc. as nominee for Amtrust Mortgage Corporation, its successors and assigns,1/14/2005,142403,,Auction.com,,,
17-065647-FC01,9/5/2017,Cherokee,413 Walnut Drive Woodstock, Georgia,30189,Mortgage Electronic Registration Systems, Inc. as nominee for Polaris Home Funding Corp., A Florida Corporation, its successors and assigns,2/5/2010,152160,,Auction.com,,
17-065784-FC02,9/5/2017,Cherokee,914 Pinehurst Cove Woodstock, Georgia,30188,Mortgage Electronic Registration Systems, Inc. as nominee for Home Star Mortgage Services, LLC,9/14/2004,224000,,Auction.com,,,
17-066143-FC01,9/5/2017,Cherokee,1004 Sugar Pike Way Canton, Georgia,30115,Wells Fargo Bank, N.A.,12/30/2011,205078.74,,Auction.com,,,,
17-066162-FC01,9/5/2017,Cherokee,480 Olivia Lane Ball Ground, Georgia,30107,Wachovia Bank, National Association,12/9/2005,365289,,,,,,
17-064828-FC02,9/5/2017,Clayton,6440 Boca Raton Court Forest Park, Georgia,30297,Bank of America, N.A.,10/4/2005,68000,,Auction.com,,,,
17-064559-FC02,9/5/2017,Clayton,8874 Wesley Place Jonesboro, Georgia,30238,Primary Capital Advisors LC,5/29/2001,104176,,Auction.com,,,,,
16-059412-FC04,9/5/2017,Clayton,8041 South Bay Court Riverdale, Georgia,30274,Mortgage Electronic Registration Systems, Inc. as nominee for Irwin Mortgage Corporation, its successors and assigns,10/24/2003,92974,,,,,
16-061796-FC02,9/5/2017,Clayton,1713 Carla Drive Morrow, Georgia,30260,Mortgage Electronic Registration Systems, Inc. as nominee for First Magnus Financial Corporation, its successors and assigns,11/9/2005,70000,,,,,
16-062121-FC02,9/5/2017,Clayton,1252 Avery Drive Jonesboro, Georgia,30236,Cendant Mortgage Corporation,4/23/2004,78000,,,,,,,
16-057124-FC08,9/5/2017,Clayton,1674 Mount Zion Place Jonesboro, Georgia,30236,Mortgage Electronic Registration Systems, Inc. as nominee for Taylor, Bean and Whitaker Mortgage Corp., it successors and assigns,8/20/2004,232000,,Auction.com,,
13-039870-FC05,9/5/2017,Clayton,2601 W Meyer Drive Morrow, Georgia,30260,Mortgage Electronic Registration Systems, Inc., as nominee for Opteum Financial Services, LLC, its successors and assigns,9/28/2005,152300,,Williams & Williams,
14-046961-FC07,9/5/2017,Clayton,1047 Terance Avenue Jonesboro, Georgia,30238,Bank of America, N.A.,5/30/2008,110300,,Auction.com,,,,
10-006816-FC03,9/5/2017,Clayton,1368 Camelia Street Riverdale, Georgia,30296,Mortgage Electronic Registration Systems, Inc., as nominee for Netbank, its successors and assigns,3/7/2005,142433,,,,
15-053977-FC05,9/5/2017,Clayton,2053 Conkle Court Riverdale, Georgia,30296,American General Financial Services, Inc.,5/18/2007,114186.25,,,,,,
16-061427-FC03,9/5/2017,Cobb,6484 Bennington Bluff Court Mableton, Georgia,30126,Mortgage Electronic Registration Systems, Inc., as nominee for Ascent Home Loans, Inc., its successors and assigns,9/30/2008,323972,,Hudson & Marshall,
15-056268-FC03,9/5/2017,Cobb,1650 Carlson Lane SW Marietta, Georgia,30064,World Savings Bank, FSB,10/4/2007,313600,,,,,,
15-056275-FC03,9/5/2017,Cobb,5086 Doby Lane Austell, Georgia,30106,Mortgage Electronic Registration Systems, Inc. as nominee for Royal United Mortgage LLC,12/21/2009,56250,,Auction.com,,,,
09-019834-FC01,9/5/2017,Cobb,3012 Liberty Hill Way NW Kennesaw, Georgia,30144,Washington Mutual Bank, FA,9/24/2003,162851,,,,,,
08-003920-FC04,9/5/2017,Cobb,2603 Myrtlewood Lane Kennesaw, Georgia,30144,Mortgage Electronic Registration Systems, Inc., as nominee for Bankfirst, a State Chartered Bank, Duly Organized under the Laws of South Dakota,5/10/2005,172000,,,
14-047841-FC02,9/5/2017,Cobb,5904 Seven Oaks Drive Powder Springs, Georgia,30127,Mortgage Electronic Registration Systems, Inc. as nominee for Americor Lending Group., a California Corporation, its successors and assigns,9/21/2007,184542,,Chronos Solutions,,
17-066117-FC01,9/5/2017,Cobb,3012 Brass Drive Austell, Georgia,30106,Mortgage Electronic Registration Systems, Inc. as nominee for Freedom Mortgage Corporation, its successors and assigns,5/27/2008,133000,,,,,
17-065953-FC01,9/5/2017,Cobb,2427 Anderson Mill Road Austell, Georgia,30106,Wells Fargo Bank, N.A.,5/18/2010,40537,,,,,,
17-065923-FC01,9/5/2017,Cobb,5940 Tate Drive Austell, Georgia,30106,Mortgage Electronic Registration Systems, Inc., as nominee for First Home Mortgage, its successors and assigns,1/6/2003,166862,,Auction.com,,
16-062530-FC02,9/5/2017,Cobb,5618 Cobblestone Creek Avenue Mableton, Georgia,30126,Mortgage Electronic Registration Systems, Inc., as nominee for Bank of America, N.A., its successors and assigns,11/23/2011,133516,,Auction.com,
16-062249-FC02,9/5/2017,Cobb,3241 Scarlett Lane NW AKA 3241 Scarlet Lane NW Kennesaw, Georgia,30144,Bank of America, N.A.,9/17/2004,59400,,,,,,
17-065560-FC01,9/5/2017,Cobb,3011 Fetlock Drive SW Marietta, Georgia,30064,Mortgage Electronic Registration Systems, Inc. as nominee for First Magnus Financial Corporation,10/30/2006,122079,,Auction.com,,,,
17-065814-FC01,9/5/2017,Cobb,2655 Hartridge Drive SW Marietta, Georgia,30064,Mortgage Electronic Registration Systems, Inc., as nominee for Fidelity Bank d/b/a Fidelity Bank Mortgage, its successors and assigns,12/20/2013,268759,,,,
17-064752-FC01,9/5/2017,Cobb,4030 Pine Ridge, Smyrna, GA 30080 AKA 4030 Pineridge Road SE Smyrna, Georgia,30080,Mortgage Electronic Registration Systems, Inc. as nominee for Americas Wholesale Lender, its successors and assigns,6/3/2004,960000,,,
17-064926-FC02,9/5/2017,Cobb,1304 Glen Ivy Marietta, Georgia,30062,Mortgage Electronic Registration Systems, Inc. as nominee for Academy Mortgage Corporation,8/27/2012,156593,,Auction.com,,,,
14-047802-FC02,9/5/2017,Columbia,5036 Reynolds Way Grovetown, Georgia,30813,Mortgage Electronic Registration Systems, Inc. as nominee for Quicken Loans, Inc., its successors and assigns,9/30/2009,210333,,Auction.com,,
11-023437-FC03,9/5/2017,Columbia,4757 Silverlake Drive Evans, Georgia,30809,Mortgage Electronic Registration Systems, Inc., as nominee for Southtrust Mortgage Corporation,3/9/2004,182000,,Auction.com,,,
17-063809-FC03,9/5/2017,Columbia,1193 Greenwich Pass Grovetown, Georgia,30813,Wells Fargo Bank N.A.,3/8/2013,212800,,,,,,,
17-063686-FC01,9/5/2017,Columbia,4018 Culver Street Martinez, Georgia,30907,Wachovia Bank, National Association,4/27/2007,50000,,,,,,
17-066070-FC01,9/5/2017,Columbia,610 Surrey Lane Augusta, Georgia,30907,Wells Fargo Bank, N.A.,5/10/2011,242100,,,,,,
17-065075-FC02,9/5/2017,Crisp,4330 Bedgood Ave Arabi, Georgia,31712,Regions Bank d/b/a Regions Mortgage,7/31/2003,57812,,,,,,,
16-059287-FC04,9/5/2017,Crisp,575 Jamestown Road Cordele, Georgia,31015,Fidelity National Bank,4/8/1994,66800,,Auction.com,,,,,
17-065365-FC01,9/5/2017,Dawson,366 Brights Way Dawsonville, Georgia,30534,Mortgage Electronic Registration Systems, Inc. as nominee for Americas Wholesale Lender, its successors and assigns,10/27/2005,256320,,,,,
16-063140-FC01,9/5/2017,Dawson,390 Ridge Road Dawsonville, Georgia,30534,The CIT Group/Sales Financing, Inc.,3/20/1997,61180.36,,,,,,
15-050688-FC02,9/5/2017,Decatur,187 River Oaks Road Bainbridge, Georgia,39817,Mortgage Electronic Registration Systems, Inc. as nominee for M & I Bank FSB, its successors and assigns,6/25/2010,138139,,Chronos Solutions,,,
14-048436-FC02,9/5/2017,Decatur,133 Honeysuckle Drive Brinson, Georgia,39825,Mortgage Electronic Registration Systems, Inc., as nominee for Regions Bank DBA Regions Mortgage, its successors and assigns,4/28/2009,104081,,,,
15-055536-FC02,9/5/2017,DeKalb,668 Quillian Avenue Decatur, Georgia,30032,Mortgage Electronic Registration Systems, Inc., as nominee for Home America Mortgage, Inc., Corporation, its successors and assigns,5/10/2002,117075,,Hudson & Marshall
16-056604-FC02,9/5/2017,DeKalb,4889 Hidden Creek Place Decatur, Georgia,30035,Wells Fargo Bank, N.A.,1/20/2010,75605,,Auction.com,,,,
16-060765-FC03,9/5/2017,DeKalb,1545 Eastern Sunrise Lane Decatur, Georgia,30034,Mortgage Electronic Registration Systems, Inc. as nominee for Real Estate Mortgage Network, Inc., its successors and assigns,11/12/2009,51276,,Auction.com,,
16-059813-FC03,9/5/2017,DeKalb,4053 Lucas Lane Ellenwood, Georgia,30294,Mortgage Electronic Registration Systems, Inc. as nominee for Primary Residential Mortgage, Inc.,7/31/2012,207398,,,,,
16-059685-FC03,9/5/2017,DeKalb,478 O'Roarke Drive Stone Mountain, Georgia,30088,Mortgage Electronic Registration Systems, Inc., as a nominee for Acopia, LLC, its successors and assigns,1/26/2012,114895,,Auction.com,
14-047844-FC04,9/5/2017,DeKalb,5642 Southern Pines Court Stone Mountain, Georgia,30087,Ford Consumer Finance Company, Inc.,12/17/1993,144019,,Auction.com,,,,
14-047741-FC06,9/5/2017,DeKalb,1087 Bluffhaven Way NE Atlanta, Georgia,30319,Mortgage Electronic Registration Systems, Inc. as nominee for Countrywide Home Loans, Inc., its successors and assigns,6/13/2006,588000,,Xome.com,,
13-042445-FC03,9/5/2017,DeKalb,3114 Rockview Drive Lithonia, Georgia,30038,Mortgage Electronic Registration Systems, Inc. as nominee for Nationwide Advantage Mortgage Company, its successors and assigns,8/14/2003,144000,,Auction.com,,,
10-013956-FC03,9/5/2017,DeKalb,4222 Abilene Court Decatur, Georgia,30034,Buckhead Mortgage Associates, Inc.,2/20/2004,111624,,Auction.com,,,,
15-051658-FC02,9/5/2017,DeKalb,477 Oak Hill Cir Stone Mountain, Georgia,30083,Mortgage Electronic Registration Systems, Inc. as nominee for Nationstar Mortgage LLC,12/30/2009,92002,,Auction.com,,,,
15-055049-FC05,9/5/2017,DeKalb,4428 Miners Creek Road Lithonia, Georgia,30038,Mortgage Electronic Registration Systems, Inc. as nominee for AmericaHomeKey, Inc.,7/21/2010,127285,,Auction.com,,,
15-054705-FC03,9/5/2017,DeKalb,3590 Salem Glen Road Lithonia, Georgia,30038,Sun America Mortgage Corporation,4/23/1999,115200,,Auction.com,,,,,
17-065935-FC01,9/5/2017,DeKalb,140 Pinecrest Ave Decatur, Georgia,30030,Wachovia Bank, National Association,2/2/2005,80000,,,,,,
17-065954-FC01,9/5/2017,DeKalb,3202 Shadow Walk Lane Tucker, Georgia,30084,Mortgage Electronic Registration Systems, Inc., as nominee for Quicken Loans Inc., its successors and assigns,11/30/2006,100000,,Hudson & Marshall,,
17-065861-FC01,9/5/2017,DeKalb,3807 Boulder Forest Lane Ellenwood, Georgia,30294,Mortgage Electronic Registration Systems, Inc. as nominee for Freedom Mortgage Corporation, its successors and assigns,9/29/2008,190954,,Auction.com,,,
17-066082-FC01,9/5/2017,DeKalb,4009 Rockknoll Court Conley, Georgia,30288,Wells Fargo Bank, N.A.,11/27/2013,50000,,,,,,
17-066043-FC01,9/5/2017,DeKalb,4443 Lakeside Trail Lithonia, Georgia,30038,Wells Fargo Bank, N.A.,5/15/2007,356000,,Auction.com,,,,
16-062927-FC03,9/5/2017,DeKalb,2133 Creekview Trail Decatur, Georgia,30035,Wells Fargo Bank, N.A.,5/19/2006,148494,,Auction.com,,,,
16-062103-FC03,9/5/2017,DeKalb,5058 Kanawha Bluff Stone Mountain, Georgia,30087,Mortgage Electronic Registration Systems, Inc., as nominee for First Horizon Home Loan Corporation, its successors and assigns,2/23/2006,780000,,Xome.com,,
17-064574-FC02,9/5/2017,DeKalb,4193 Durham Circle Stone Mountain, Georgia,30083,Mortgage Electronic Registration Systems, Inc. as nominee for Georgetown Mortgage, Inc.,3/26/2004,161232,,Auction.com,,,
17-064361-FC02,9/5/2017,DeKalb,2649 Nelms Court Decatur, Georgia,30033,Mortgage Electronic Registration Systems, Inc., as nominee for Countrywide Bank, N.A. its successors and assigns,8/25/2006,650000,,Xome.com,,
17-065762-FC01,9/5/2017,DeKalb,4416 Roundtree Lane Lithonia, Georgia,30038,Wells Fargo Bank, N.A.,9/15/2005,600000,,,,,,
17-065617-FC01,9/5/2017,DeKalb,4366 Bridle Path Court Tucker, Georgia,30084,Mortgage Electronic Registration Systems, Inc. as nominee for Countrywide Home Loans, Inc., its successors and assigns,12/31/2001,99279,,Auction.com,,
17-065592-FC01,9/5/2017,DeKalb,2224 Ramblewood Circle Decatur, Georgia,30035,NationsBanc Mortgage Corporation,12/31/1997,91274,,Auction.com,,,,,
17-065606-FC01,9/5/2017,DeKalb,4703 Browns Mill Lane Lithonia, Georgia,30038,Mortgage Electronic Registration Systems, Inc. as nominee for Primary Residential Mortgage, Inc.,11/5/2010,152940,,Auction.com,,,
16-062265-FC02,9/5/2017,Dodge,1346 Milan Chauncey Road Chauncey, Georgia,31011,Mortgage Electronic Registration Systems, Inc., as nominee for Secured Funding Corp., its successors and assigns,11/18/2005,62800,,Xome.com,,
17-064700-FC02,9/5/2017,Dougherty,106 Collins Street Albany, Georgia,31705,American General Finance, Inc.,2/20/2001,38500,,,,,,
17-065826-FC01,9/5/2017,Douglas,3652 Arrowhead Place Douglasville, Georgia,30135,Wells Fargo Bank, N.A.,7/13/2012,168442,,Auction.com,,,,
16-061958-FC02,9/5/2017,Douglas,8051 Sweetwater Drive Douglasville, Georgia,30135,Mortgage Electronic Registration Systems, Inc. as nominee for Homecomings Financial Network, Inc., its successors and assigns,5/9/2005,159300,,Auction.com,,
15-054341-FC03,9/5/2017,Douglas,6589 Briarcliff Drive Douglasville, Georgia,30135,Mortgage Electronic Registration Systems, Inc. as nominee for Sebring Capital Partners, Limited Partnership.,4/26/2005,117810,,,,,
13-042844-FC06,9/5/2017,Effingham,720 Old Dixie Highway South Springfield, Georgia,31329,Wells Fargo Bank, N.A.,8/29/2006,462000,,,,,,
17-065683-FC01,9/5/2017,Effingham,1010 Ash Street Extension Springfield, Georgia,31329,Mortgage Electronic Registration Systems, Inc. as nominee for Home America Mortgage, Inc., its successors and assigns,7/21/2008,101213,,Hudson & Marshall,,
17-065976-FC01,9/5/2017,Effingham,105 Ray Fetzer Drive Guyton, Georgia,31312,Mortgage Electronic Registration Systems, Inc. as nominee for Home America Mortgage, Inc., its successors and assigns,4/30/2008,66397,,,,
17-066072-FC01,9/5/2017,Effingham,1117 Stillwell Clyo Road Springfield, Georgia,31329,Mortgage Electronic Registration Systems, Inc., as nominee for Brand Mortgage Group, LLC, its successors and assigns,5/18/2012,158332,,,
17-065434-FC02,9/5/2017,Emanuel,225 Briarcliff Road Swainsboro, Georgia,30401,Mortgage Electronic Registration Systems, Inc. as nominee for USAA Federal Savings Bank, its successors and assigns,9/9/2011,159000,,Auction.com,,,
16-057331-FC05,9/5/2017,Fayette,160 Acton Drive Fayetteville, Georgia,30215,Mortgage Electronic Registration Systems, Inc. as nominee for Cornerstone Home Lending, its successors and assigns,9/29/2008,351443,,Auction.com,,,
16-057150-FC01,9/5/2017,Fayette,150 Catharine Lane Fayetteville, Georgia,30214,ABN AMRO Mortgage Group, Inc., A Delaware Corporation,7/31/2003,169270,,Auction.com,,,
09-019616-FC04,9/5/2017,Forsyth,4150 F A A Road Cumming, Georgia,30041,Mortgage Electronic Registration Systems, Inc. as nominee for Home Star Mortgages Services, LLC, its successors and assigns,6/15/2004,420000,,,,
15-052464-FC04,9/5/2017,Fulton,5870 Old Bill Cook Road College Park, Georgia,30349,New Century Mortgage Corporation,3/16/2005,80000,,,,,,,
15-053128-FC06,9/5/2017,Fulton,108 Granville Court Atlanta, Georgia,30328,Mortgage Electronic Registration Systems, Inc. as nominee for Sunshine Mortgage Corporation, its successors and assigns,3/30/2005,86000,,Xome.com,,,
15-052808-FC02,9/5/2017,Fulton,635 Bridgewater Drive NW Atlanta, Georgia,30328,Wells Fargo Bank, N.A.,6/4/2013,374400,,Auction.com,,,,
15-054197-FC04,9/5/2017,Fulton,927 McGill Park Avenue Atlanta, Georgia,30312,Wells Fargo Bank, N.A.,9/29/2005,140600,,Auction.com,,,,
14-046669-FC06,9/5/2017,Fulton,7080 Preserve Parkway Fairburn, Georgia,30213,Mortgage Electronic Registration Systems, Inc. as nominee for Bayrock Mortgage Corporation, its successors and assigns,10/10/2006,110800,,Xome.com,,,
14-045534-FC03,9/5/2017,Fulton,719 Victoria Place Atlanta, Georgia,30310,Washington Mutual Bank, FA, a federal association,3/31/2004,67200,,,,,
12-036475-FC01,9/5/2017,Fulton,3074 Delowe Drive Atlanta, Georgia,30344,Union Planters Bank, NA,1/16/2004,101500,,Auction.com,,,,
10-002375-FC08,9/5/2017,Fulton,3388 Sable Chase Lane Atlanta, Georgia,30349,Aames Funding Corporation DBA Aames Home Loan,1/24/2006,109600,,,,,,,
04-3985-FC06,9/5/2017,Fulton,8320 Ridge Road Fairburn, Georgia,30213,Westminster Mortgage Corporation,9/20/2001,160193,,Auction.com,,,,,
01-4439-FC03,9/5/2017,Fulton,3033 Lake Avenue Hapeville, Georgia,30354,Preferred Mortgage Source Inc.,12/11/1997,64335,,Auction.com,,,,,
11-025862-FC05,9/5/2017,Fulton,1448 North Highland Avenue Atlanta, Georgia,30306,Regions Bank,8/22/2003,275120,,,,,,,
16-061749-FC02,9/5/2017,Fulton,5500 Rockton Wood Way Atlanta, Georgia,30331,HomeBanc Mortgage Corporation,10/30/2002,284550,,Auction.com,,,,,
16-060514-FC03,9/5/2017,Fulton,291 Booker Street SW Atlanta, Georgia,30315,Mortgage Electronic Registration Systems, Inc., as nominee for Home Fund Direct, its successors and assigns,6/25/2007,75000,,,,
16-060622-FC03,9/5/2017,Fulton,3105 Acapulco Way East Point, Georgia,30344,Mortgage Electronic Registration Systems, Inc. as nominee for First Service Mortgage, Inc., its successors and assigns,8/23/2004,131929,,Auction.com,,
16-060695-FC01,9/5/2017,Fulton,7666 Bowhead Court Fairburn, Georgia,30213,Mortgage Electronic Registration Systems, Inc. as nominee for Pine State Mortgage Corporation, its successors and assigns,12/19/2008,187748,,Auction.com,,,
16-060080-FC03,9/5/2017,Fulton,1280 West Peachtree Street NW #3702 Atlanta, Georgia,30309,Wells Fargo Bank, N.A.,4/17/2014,113654,,Auction.com,,,,
16-059002-FC02,9/5/2017,Fulton,2700 Pine Tree Road NE Unit 1219 Atlanta, Georgia,30324,Navy Federal Credit Union,7/15/2013,147283,,,,,,,
15-055276-FC04,9/5/2017,Fulton,525 Glynn Meadow Lane Roswell, Georgia,30075,Mortgage Electronic Registration Systems, Inc. as nominee for Charles Schwab Bank, its successors and assigns,8/23/2011,404000,,,,,
17-066051-FC01,9/5/2017,Fulton,970 Oglethorpe Ave SW Atlanta, Georgia,30310,Mortgage Electronic Registration Systems, Inc. as nominee for SunTrust Mortgage, Inc.,9/10/2004,256000,,,,,
17-065938-FC01,9/5/2017,Fulton,3410 Hamlin Square SW Atlanta, Georgia,30331,Premia Mortgage, LLC,9/3/2010,185501,,Auction.com,,,,
17-065966-FC01,9/5/2017,Fulton,5892 Blacktop Way Fairburn, Georgia,30213,First Franklin A Division of Nat. City Bank of IN,3/31/2005,154714,,Xome.com,,,,,
17-065869-FC01,9/5/2017,Fulton,420 Buffington Drive Union City, Georgia,30291,Mortgage Electronic Registration Systems, Inc. as nominee for American Brokers Conduit, its successors and assigns,4/17/2007,104800,,,,,
17-065886-FC01,9/5/2017,Fulton,5509 Stone Cove Drive SW Atlanta, Georgia,30331,Mortgage Electronic Registration Systems, Inc. as nominee for Oceanside Mortgage Company,1/20/2012,243435,,Auction.com,,,,
17-065903-FC01,9/5/2017,Fulton,2325 Headland Drive East Point, Georgia,30344,Mortgage Electronic Registration Systems, Inc. as nominee for Primary Capital Advisors LC, its successors and assigns,11/23/2004,108000,,Xome.com,,,
17-065916-FC01,9/5/2017,Fulton,4372 Challedon Drive Fairburn, Georgia,30213,Mortgage Electronic Registration Systems, Inc. as nominee for Countrywide KB Home Loans, a Countrywide Mortgage Ventures, LLC series, its successors and assigns,5/9/2007,409324.6,,Auction.com,
17-064710-FC02,9/5/2017,Fulton,1049 Windsor Street SW Atlanta, Georgia,30310,IndyMac Mortgage Holdings, Inc.,8/12/1999,36000,,Auction.com,,,,
17-064656-FC02,9/5/2017,Fulton,2555 Flat Shoals Road #104 College Park, Georgia,30349,Mortgage Electronic Registration Systems, Inc. as nominee for Opteum Financial Services, LLC, its successors and assigns,9/23/2005,96965,,,,
17-065809-FC01,9/5/2017,Fulton,335 Renee Dawn Court Riverdale, Georgia,30296,Mortgage Electronic Registration Systems, Inc. as nominee for Everbank, its successors and assigns,9/18/2013,103150,,Auction.com,,,
17-064421-FC02,9/5/2017,Fulton,750 Lakestone Court Roswell, Georgia,30076,Wachovia Bank, National Association,10/26/2006,137000,,,,,,
16-063264-FC01,9/5/2017,Fulton,443 Fairlock Lane Atlanta, Georgia,30331,Mortgage Electronic Registration Systems, Inc., as nominee for SouthStar Funding, LLC, its successors and assigns,6/11/2003,76000,,Auction.com,
17-063572-FC02,9/5/2017,Fulton,2770 Carmon On Wesley NW Atlanta, Georgia,30327,Mortgage Electronic Registration Systems, Inc., as nominee for Primary Capital Advisors LC, its successors and assigns,2/6/2004,535000,,Xome.com,,
17-065386-FC01,9/5/2017,Glynn,129 Juliette Circle Brunswick, Georgia,31525,Green Tree Financial Servicing Corporation,4/23/1997,47040.05,,,,,,,
17-065918-FC01,9/5/2017,Glynn,143 Deborah Lane Brunswick, Georgia,31525,Mortgage Electronic Registration Systems, Inc., as nominee for Taylor, Bean and Whitaker Mortgage Corp., its successors and assigns,10/26/2006,188028,,Hudson & Marshall,
16-060869-FC01,9/5/2017,Gordon,255 Beamer Circle SW Calhoun, Georgia,30701,Mortgage Electronic Registration Systems, Inc. as nominee for PHH Mortgage Corporation d/b/a Century 21 Mortgage, its successors and assigns,9/24/2009,70204,,Auction.com,,,
17-065610-FC01,9/5/2017,Grady,284 Two States Lane Cairo, Georgia,39828,Mortgage Electronic Registration Systems, Inc. as nominee for Freedom Mortgage Corporation, its successors and assigns,7/5/2012,101622,,Auction.com,,,
16-057425-FC03,9/5/2017,Gwinnett,775 Somerset Vale Drive Lawrenceville, Georgia,30044,Mortgage Electronic Registration Systems, Inc. as nominee for Opteum Financial Services, LLC, its successors and assigns,2/15/2006,172000,,Xome.com,,
16-057474-FC02,9/5/2017,Gwinnett,3 Burns View Court Lawrenceville, Georgia,30044,Mortgage Electronic Registration Systems, Inc. as nominee for Home America Mortgage, Inc., its successors and assigns.,4/20/2007,180379,,Hudson & Marshall,,
15-055970-FC02,9/5/2017,Gwinnett,2492 Mistletoe Lane Snellville, Georgia,30039,Mortgage Electronic Registration Systems, Inc. as nominee for GMAC Mortgage, LLC f/k/a GMAC Mortgage Corporation, its successors and assigns,1/26/2007,154000,,Auction.com,,
16-061314-FC03,9/5/2017,Gwinnett,1226 Castleberry Drive Buford, Georgia,30518,Mortgage Electronic Registration Systems, Inc., as nominee for Guaranty Mortgage Services LLC, its successors and assigns,7/18/2008,207160,,Auction.com,,
16-060141-FC02,9/5/2017,Gwinnett,2757 Fairway Knoll Court Dacula, Georgia,30019,Mortgage Electronic Registration Systems, Inc. as nominee for Southeast Mortgage of Georgia, Inc.,6/28/2013,299653,,Auction.com,,,
14-050075-FC05,9/5/2017,Gwinnett,2400 Bankston Circle Snellville, Georgia,30078,Mortgage Electronic Registration Systems, Inc. as nominee for Market Street Mortgage Corporation,2/28/2006,136605,,Auction.com,,,,
11-020395-FC04,9/5/2017,Gwinnett,1782 Sweet Branch Trail Grayson, Georgia,30017,HomeBanc Mortgage Corporation,5/31/2002,199200,,,,,,,
10-009845-FC20,9/5/2017,Gwinnett,185 Lazy Willow Lane Lawrenceville, Georgia,30044,Washington Mutual Bank, FA,5/17/2004,164825,,Auction.com,,,,
17-065557-FC01,9/5/2017,Gwinnett,5641 Four Winds Drive SW Lilburn, Georgia,30047,Wells Fargo Bank, N.A.,4/21/2010,152596,,Auction.com,,,,
17-065261-FC02,9/5/2017,Gwinnett,1745 Tailmore Lane Lawrenceville, Georgia,30043,Mortgage Electronic Registration Systems, Inc. as nominee for SunTrust Mortgage, Inc. d/b/a Sun America Mortgage,3/15/2007,155950,,Auction.com,,,
17-063839-FC02,9/5/2017,Gwinnett,2844 Valley Spring Drive Lawrenceville, Georgia,30044,Bank of America, N.A.,8/31/2004,213750,,,,,,
17-063921-FC03,9/5/2017,Gwinnett,1749 Pinehurst View Grayson, Georgia,30017,Wells Fargo Home Mortgage, Inc.,5/24/2003,176600,,Auction.com,,,,
17-064309-FC02,9/5/2017,Gwinnett,3933 Millstream Court Lawrenceville, Georgia,30044,Mortgage Electronic Registration Systems, Inc. as nominee for Hometown Mortgage Services, Inc., its successors and assigns,2/18/2005,118400,,,,
16-063092-FC03,9/5/2017,Gwinnett,4307 Trotters Way Drive Snellville, Georgia,30039,Mortgage Electronic Registration Systems, Inc., as nominee for Home Star Mortgage Services, LLC, its successors and assigns,5/6/2004,311200,,,
16-062600-FC02,9/5/2017,Gwinnett,2101 Crescentview Drive Lawrenceville, Georgia,30044,Mortgage Electronic Registration Systems, Inc. as nominee for Lehman Brothers Bank, FSB, A Federal Savings Bank, its successors and assigns,8/29/2005,122400,,Xome.com,
17-065921-FC01,9/5/2017,Gwinnett,3618 Chinaberry Lane Snellville, Georgia,30039,Mortgage Electronic Registration Systems, Inc. as nominee for Quicken Loans, Inc., its successors and assigns,12/18/2015,93500,,,,
17-066033-FC01,9/5/2017,Gwinnett,2019 Crystal Lake Drive Lawrenceville, Georgia,30044,World Savings Bank, FSB,1/25/2007,128000,,,,,,
17-066053-FC01,9/5/2017,Gwinnett,2362 Stanley Road Dacula, Georgia,30019,Mortgage Electronic Registration Systems, Inc., as nominee for Principal Residential Mortgage, Inc., its successors and assigns,4/30/2003,71900,,Auction.com,
17-066024-FC01,9/5/2017,Gwinnett,2601 White Rose Drive Loganville, Georgia,30052,Wells Fargo Bank, N.A.,10/31/2006,221362,,,,,,
17-066127-FC01,9/5/2017,Gwinnett,1371 Mohawk Drive Lawrenceville, Georgia,30043,Mortgage Electronic Registration Systems, Inc. as nominee for Wachovia Mortgage Corporation,9/11/2007,37000,,Auction.com,,,,
17-065893-FC01,9/5/2017,Habersham,416 Lovelace Road Clarksville, Georgia,30523,Mortgage Electronic Registration Systems, Inc. as nominee for Citizens Fidelity Mortgage Corp., its successors and assigns,1/9/2003,92800,,,,,
15-055904-FC03,9/5/2017,Habersham,365 Wall Bridge Road Clarkesville, Georgia,30523,Mortgage Electronic Registration Systems, Inc as nominee for Homestar Financial Corp., its successors and assigns,8/12/2014,270408,,Auction.com,,,
17-063756-FC01,9/5/2017,Hall,5137 Woodmont Place Flowery Branch, Georgia,30542,Green Tree Financial Servicing Corporation,12/8/1998,60900,,,,,,,
17-065645-FC01,9/5/2017,Hancock,6534 Powelton Church Road Sparta, Georgia,31087,Mortgage Electronic Registration Systems, Inc. as nominee for Taylor, Bean & Whitaker Mortgage Corp., its successors and assigns,7/23/2009,120828,,,,
17-065665-FC01,9/5/2017,Hancock,161 Sparrow Road Sparta, Georgia,31087,Mortgage Electronic Registration Systems, Inc. as nominee for Home America Mortgage, Inc., its successors and assigns,2/23/2007,91603,,Hudson & Marshall,,
17-064664-FC02,9/5/2017,Haralson,71 Brookshire Drive Temple, Georgia,30179,Mortgage Electronic Registration Systems, Inc., as nominee for HT Mortgage Company, its successors and assigns,8/22/2012,107000,,,,
17-065908-FC01,9/5/2017,Harris,1045 Satellite Circle Fortson, Georgia,31808,Wells Fargo Bank, N.A.,7/31/2006,82554,,Auction.com,,,,
17-064429-FC02,9/5/2017,Hart,97 Vickery Creek Drive Hartwell, Georgia,30643,Mortgage Electronic Registration Systems, Inc., as nominee for Franklin American Mortgage Company, its successors and assigns,1/30/2009,161080,,Xome.com,,
15-056330-FC05,9/5/2017,Henry,100 Bay Court Drive Stockbridge, Georgia,30281,Mortgage Electronic Registration Systems, Inc. as nominee for First Magnus Financial Corporation,8/15/2002,145713,,Auction.com,,,,
16-061838-FC03,9/5/2017,Henry,704 Kitts Court Mcdonough, Georgia,30253,Mortgage Electronic Registration Systems, Inc. as nominee for Southeast Mortgage of Georgia, Inc. its successors and assigns,11/30/2015,232254,,Williams & Williams,,,
16-061226-FC04,9/5/2017,Henry,616 Creekstone Court Jonesboro, Georgia,30236,Wells Fargo Bank, N.A.,12/29/2011,68629,,Auction.com,,,,
17-064247-FC03,9/5/2017,Henry,558 Goldfinch Way Stockbridge, Georgia,30281,Mortgage Electronic Registration Systems, Inc. as nominee for CH Mortgage Company I, Ltd.,9/30/2002,142130,,Auction.com,,,
17-064990-FC02,9/5/2017,Henry,208 N Main Court Stockbridge, Georgia,30281,HomeBanc Mortgage Corporation,1/26/2006,80000,,,,,,,
17-065758-FC01,9/5/2017,Henry,144 Galway Lane Hampton, Georgia,30228,Mortgage Electronic Registration Systems, Inc. as nominee for EverBank, its successors and assigns,2/25/2014,74000,,Auction.com,,,
17-065375-FC01,9/5/2017,Henry,5 Highland Drive Stockbridge, Georgia,30281,Mortgage Electronic Registration Systems, Inc. as nominee for Bank of America, N.A., its successors and assigns,10/26/2012,92359,,Auction.com,,
17-065900-FC01,9/5/2017,Henry,810 Chelsea Wood Court Stockbridge, Georgia,30281,Mortgage Electronic Registration Systems, Inc. as nominee for Pine State Mortgage Corporation, A Georgia Corporation, its successors and assigns,3/23/2009,149895,,Auction.com,,
17-066071-FC01,9/5/2017,Houston,207 Highpoint Drive Warner Robins, Georgia,31093,Wells Fargo Bank, N.A.,6/28/2013,89950,,,,,,
17-065597-FC01,9/5/2017,Houston,102 Grand Avenue Bonaire, Georgia,31005,Mortgage Electronic Registration Systems, Inc., as nominee for Carrington Mortgage Services, LLC., its successors and assigns,7/18/2016,102957,,Auction.com,
16-063212-FC03,9/5/2017,Houston,215 Lancaster Lane Centerville, Georgia,31028,Robins Federal Credit Union,4/5/2007,145563,,,,,,,
17-065667-FC01,9/5/2017,Jackson,547 Woodpecker Lane Nicholson, Georgia,30565,Mortgage Electronic Registration Systems, Inc. as nominee for Taylor, Bean and Whitaker Mortgage Corp., its successors and assigns,11/15/2007,79748,,Hudson & Marshall,,
16-061300-FC02,9/5/2017,Jackson,450 Scott Street Commerce, Georgia,30529,Mortgage Electronic Registration Systems, Inc., as nominee for Southpoint Financial Services, Inc., its successors and assigns,8/29/2014,107142,,Auction.com,
15-051834-FC02,9/5/2017,Jackson,153 Becca Drive Hoschton, Georgia,30548,Mortgage Electronic Registration Systems, Inc. as nominee for Lovell, Hubbard & Associates Inc. dba LHA Mortgage Services,11/23/2004,116000,,Auction.com,,,
16-063352-FC02,9/5/2017,Jones,737 Bowen Hill Road Haddock, Georgia,31033,Conseco Finance Servicing Corp.,11/26/2001,37188.8,,,,,,,
16-059470-FC03,9/5/2017,Jones,173 Hampton Lakes Drive Macon, Georgia,31217,Mortgage Electronic Registration Systems, Inc. as nominee for GMAC Mortgage Corporation, its successors and assigns,9/13/2004,204900,,Auction.com,,,
17-065743-FC02,9/5/2017,Lanier,101 Boyette Road Lakeland, Georgia,31635,Wells Fargo Bank, N.A.,4/15/2013,155500,,Auction.com,,,,
14-050072-FC05,9/5/2017,Laurens,1872 Cook Street Montrose, Georgia,31065,Mortgage Electronic Registration Systems, Inc. as nominee for Taylor, Bean and Whitaker Mortgage Corp., its successors and assigns,7/25/2007,90086,,Hudson & Marshall,,
15-051464-FC06,9/5/2017,Lee,121 Fox Chase Court Leesburg, Georgia,31763,Regions Mortgage, Inc.,3/27/2000,82817,,Chronos Solutions,,,,
17-065575-FC01,9/5/2017,Lee,207 Glendale Road Leesburg, Georgia,31763,Bank of America, N.A.,3/29/2002,86640,,Auction.com,,,,
17-065974-FC01,9/5/2017,Liberty,302 Largo Court Hinesville, Georgia,31313,Navy Federal Credit Union,8/24/2015,211625,,,,,,,
10-002394-FC06,9/5/2017,Long,103 Angie Street Hinesville, Georgia,31316,Mortgage Electronic Registration Systems, Inc. as nominee for Taylor, Bean and Whitaker Mortgage Corp.,10/20/2004,86827,,,,,
15-056120-FC01,9/5/2017,Lowndes,411 Central Place AKA 411 West Central Place Valdosta, Georgia,31602,Bank of America, N.A.,5/3/2004,155000,,Auction.com,,,,
17-065910-FC01,9/5/2017,Lowndes,4458 Carter Way Valdosta, Georgia,31601,Wells Fargo Bank, N.A.,10/1/2010,82265,,Auction.com,,,,
17-065911-FC01,9/5/2017,Lowndes,6311 Bemiss Road Valdosta, Georgia,31605,Mortgage Electronic Registration Systems, Inc. as nominee for Sher Financial Group Inc., its successors and assigns,7/24/2008,150000,,,,,
15-054461-FC02,9/5/2017,McDuffie,1613 Central Road Extension Thomson, Georgia,30824,Mortgage Electronic Registration systems, Inc., as nominee for Carrington Mortgage Services, LLC, its successors or assigns,6/17/2014,148015,,,
16-061432-FC02,9/5/2017,McDuffie,3953 Culberth Road Dearing, Georgia,30808,Mortgage Electronic Registration Systems, Inc. as nominee for Home America Mortgage, Inc., its successors and assigns,6/6/2007,112335,,Hudson & Marshall,,
17-066001-FC01,9/5/2017,McDuffie,123 Devonshire Drive Thomson, Georgia,30824,Mortgage Electronic Registration Systems Inc as Nominee for Primary Capital Advisors LC,6/13/2006,154800,,Auction.com,,,,,
16-056919-FC04,9/5/2017,McIntosh,Hwy 99 5 Miles N of Darien Darien, Georgia,31305,CitiFinancial Services, Inc.,11/20/2007,131288.07,,,,,,
17-065646-FC01,9/5/2017,Meriwether,346 Graham Road Hogansville, Georgia,30230,Mortgage Electronic Registration Systems, Inc. as nominee for Taylor, Bean & Whitaker Mortgage Corp., its successors and assigns,10/16/2007,203877,,,,
16-061847-FC02,9/5/2017,Monroe,109 Martha Lane Barnesville, Georgia,30204,Mortgage Electronic Registration Systems, Inc. as nominee for Taylor, Bean & Whitaker Mortgage Corp., its successors and assigns,6/29/2007,100000,,Auction.com,,
17-065561-FC01,9/5/2017,Monroe,130 W Harzell Lane Forsyth, Georgia,31029,Mortgage Electronic Registration Systems, Inc. as nominee for BSM Financial, L.P. DBA BrokerSource,10/7/2005,63995,,Auction.com,,,
17-064397-FC03,9/5/2017,Morgan,1070 Riverwoods Drive Madison, Georgia,30650,Mortgage Electronic Registration Systems, Inc., as nominee for Oconee State Bank, its successors and assigns,2/22/2008,67200,,Hudson & Marshall,,
07-5665-FC06,9/5/2017,Muscogee,2124 Hunter Court Columbus, Georgia,31907,Market Street Mortgage Corporation,7/11/1997,48926,,Auction.com,,,,,
07-2318-FC03,9/5/2017,Muscogee,4520 Mayo Drive Columbus, Georgia,31909,Wells Fargo Bank, N.A.,5/23/2011,88800,,,,,,
12-037470-FC07,9/5/2017,Muscogee,7389 Cedar Creek Loop Columbus, Georgia,31909,PHH Mortgage Services,3/22/2002,133860,,,,,,,
16-058412-FC02,9/5/2017,Muscogee,757 Dogwood Drive Columbus, Georgia,31907,Wells Fargo Bank, N.A.,6/21/2011,107211,,Auction.com,,,,
17-064684-FC02,9/5/2017,Muscogee,9013 Scottsdale Court Columbus, Georgia,31909,Wells Fargo Bank, N.A.,8/21/2013,170400,,,,,,
17-065139-FC02,9/5/2017,Muscogee,1502 Alamo Drive Columbus, Georgia,31907,Administrator of Veterans Affairs, an Officer of the United States of America,4/10/1989,56900,,,,,,
17-065688-FC01,9/5/2017,Muscogee,3819 Hampton Drive Columbus, Georgia,31909,Mortgage Electronic Registration Systems, Inc., as nominee for Envoy Mortgage, LTD., its successors and assigns,7/15/2013,113756,,Auction.com,
17-065800-FC01,9/5/2017,Muscogee,5038 Buena Vista Road Columbus, Georgia,31907,Wachovia Bank, National Association,12/5/2006,110000,,,,,,
16-062533-FC03,9/5/2017,Muscogee,6539 Forrest Road Columbus, Georgia,31907,New Century Mortgage Corporation,3/13/2006,60000,,,,,,,
17-066000-FC01,9/5/2017,Muscogee,5633 Rockhurst Drive Columbus, Georgia,31907,Wells Fargo Bank, N.A.,6/23/2008,77000,,Xome.com,,,,
17-064258-FC02,9/5/2017,Newton,40 Rosewalk Drive Covington, Georgia,30016,Mortgage Electronic Registration Systems, Inc., as nominee for Home America Mortgage, Inc., its successors and assigns,4/14/2006,174925,,Auction.com,
17-064050-FC03,9/5/2017,Newton,185 Winchester Drive Covington, Georgia,30016,Mortgage Electronic Registration Systems, Inc. as nominee for RHR Mortgage of America, LLC, its successors and assigns,8/30/2004,153500,,,,
17-065648-FC01,9/5/2017,Newton,170 Pebble Ridge Drive Covington, Georgia,30014,Mortgage Electronic Registration Systems, Inc., as nominee for First Magnus Financial Corporation, its successors and assigns,5/31/2007,109285,,Xome.com,,
17-065279-FC01,9/5/2017,Newton,285 Dixie Trail Covington, Georgia,30014,Mortgage Electronic Registration Systems, Inc. as nominee for CountryWide Home Loans, Inc. its successors and assigns,8/21/2007,68005,,Auction.com,,,
17-064890-FC02,9/5/2017,Newton,322 Tulipwood Circle Covington, Georgia,30016,Mortgage Electronic Registration Systems, Inc. as nominee for Principal Residential Mortgage, Inc., its successors and assigns,6/21/2002,144000,,Auction.com,,
16-061357-FC03,9/5/2017,Newton,35 Amanda Way Covington, Georgia,30016,Mortgage Electronic Registration Systems, Inc., as nominee for Georgia Acceptance Mortgage Co LLC., its successors and assigns,6/28/2007,113000,,Auction.com,,
16-059896-FC02,9/5/2017,Newton,100 Country Creek Road Newborn, Georgia,30056,Mortgage Electronic Registration Systems, Inc. as nominee for HomeComings Financial Network, Inc., its successors and assigns,4/9/2003,61000,,,,
17-063980-FC02,9/5/2017,Paulding,320 Hope Drive Dallas, Georgia,30157,Mortgage Electronic Registration Systems, Inc., as nominee for Milend, Inc.,7/12/2012,160971,,Auction.com,,
17-065611-FC01,9/5/2017,Paulding,221 Tower Drive Dallas, Georgia,30132,Mortgage Electronic Registration Systems, Inc. as nominee for Security Atlantic Mortgage CO. Inc., its successors and assigns,12/11/2007,139745,,Auction.com,,,
17-065788-FC01,9/5/2017,Paulding,85 Red Bud Lane Dallas, Georgia,30132,Fidelity Bank D/B/A Fidelity Bank Mortgage, A Georgia Chartered Bank,6/24/2009,257602,,,,,,
14-048691-FC06,9/5/2017,Paulding,219 Adair Drive Dallas, Georgia,30157,Mortgage Electronic Registration Systems, Inc. as nominee for Countrywide Bank, FSB, its successors and assigns,3/18/2009,124323,,Auction.com,,
15-055697-FC03,9/5/2017,Paulding,170 Steeple Chase Trail Dallas, Georgia,30132,Mortgage Electronic Registration Systems, Inc. as nominee for Resmae Mortgage Corporation, its successors and assigns,3/16/2007,155920,,Xome.com,,,
15-053045-FC02,9/5/2017,Richmond,3704 Madrid Drive N Augusta, Georgia,30906,New Century Mortgage Corporation,5/20/2005,74400,,,,,,,
17-065009-FC01,9/5/2017,Richmond,623 Aiken Street Augusta, Georgia,30901,Mortgage Electronic Registration Systems, Inc., as nominee for Neighborhood Funding, Inc., its successors and assigns,11/26/2008,79263,,Auction.com,
17-065785-FC01,9/5/2017,Richmond,2062 Telfair Street Augusta, Georgia,30904,Mortgage Electronic Registration Systems, Inc., as nominee for Professional Lending, LLC, its successors and assigns,8/27/2007,73841,,Hudson & Marshall,
17-065833-FC01,9/5/2017,Richmond,3908 Creekwood Lane Augusta, Georgia,30907,Mortgage Electronic Registration Systems, Inc. as nominee for Carrington Mortgage Services, LLC, its successors and assigns,9/13/2016,122046,,Auction.com,,
17-065704-FC01,9/5/2017,Richmond,1846 Derby Road Augusta, Georgia,30904,Mortgage Electronic Registration Systems, Inc. as nominee for NBank, N.A.,7/9/2004,66850,,Auction.com,,,
17-065609-FC01,9/5/2017,Richmond,2367 Amsterdam Drive Augusta, Georgia,30906,Bankers First Mortgage Corporation,3/7/1991,39132,,Auction.com,,,,,
17-065959-FC01,9/5/2017,Richmond,3455 Jonathan Circle Augusta, Georgia,30906,Mortgage Electronic Registration Systems, Inc., as nominee for Augusta Home Lending Group, its successors and assigns,11/21/2007,78665,,Hudson & Marshall,,
17-066002-FC01,9/5/2017,Richmond,2226 Overton Road Augusta, Georgia,30904,Wells Fargo Bank, N.A.,10/31/2011,227370,,Auction.com,,,,
17-066031-FC01,9/5/2017,Rockdale,2555 Bonds Lake Road NW Conyers, Georgia,30012,Wells Fargo Home Mortgage, Inc.,4/27/2004,112500,,,,,,
17-065909-FC01,9/5/2017,Rockdale,2433 Green Hollow Court Conyers, Georgia,30012,Wells Fargo Bank, N.A.,10/20/2005,151800,,Auction.com,,,,
17-065856-FC01,9/5/2017,Rockdale,3022 River Garden Road Covington, Georgia,30016,Wells Fargo Bank, N.A.,6/27/2008,108202,,Auction.com,,,,
16-062248-FC02,9/5/2017,Spalding,205 Park Street Griffin, Georgia,30223,Mortgage Electronic Registration Systems, Inc., as nominee for Unity Mortgage Corp, its successors and assigns,6/21/2006,56700,,,,
17-064987-FC02,9/5/2017,Spalding,1250 E Mcintosh Road Griffin, Georgia,30223,Mortgage Electronic Registration Systems, Inc. as nominee for CitiMortgage, Inc., its successors and assigns,5/17/2006,32250,,Auction.com,,
17-065054-FC01,9/5/2017,Terrell,659 Pat Whatley Road Dawson, Georgia,39842,Green Tree Financial Servicing Corporation,5/14/1998,59132.7,,,,,,,
16-057597-FC03,9/5/2017,Thomas,20678 Highway 19 N Thomasville, Georgia,31757,Mortgage Electronic Registration Systems, Inc. as nominee for BSM Financial, L.P.,12/28/2005,171500,,Auction.com,,,
16-061014-FC02,9/5/2017,Troup,201 Cumberland Drive Lagrange, Georgia,30240,Mortgage Electronic Registration Systems, Inc. as nominee for Synovus Mortgage Corp.,4/20/2012,99999,,Auction.com,,,,
15-055155-FC04,9/5/2017,Troup,633 Ralls Road Hogansville, Georgia,30230,Mortgage Electronic Registration Systems, Inc. as nominee for Statewide Mortgage, LLC, its successors and assigns,9/4/2014,267073,,Auction.com,,
17-065640-FC01,9/5/2017,Union,190 Grand View Ridge Young Harris, Georgia,30582,Mortgage Electronic Registration Systems, Inc. as nominee for Citibank, N.A., and its successors and assigns,7/2/2015,174500,,Auction.com,,
17-065573-FC01,9/5/2017,Walker,645 E Garden Farm Road Rossville, Georgia,30741,Mortgage Electronic Registration Systems, Inc. as nominee for Allen Mortgage LC,5/26/2008,96981,,Auction.com,,,,
17-065922-FC01,9/5/2017,Walker,865 Lee School Road Lafayette, Georgia,30728,Wells Fargo Bank, N.A.,4/9/2010,72168,,Auction.com,,,,
17-066066-FC01,9/5/2017,Walton,1429 Roy Malcom Road Social Circle, Georgia,30025,Bank of America N.A.,6/17/2009,159353,,Auction.com,,,,,
17-063914-FC02,9/5/2017,Walton,4174 Logans Bluff Loganville, Georgia,30052,Associated Credit Union,6/18/2010,80500,,,,,,,
17-064275-FC02,9/5/2017,Walton,1060 Orchard Circle Monroe, Georgia,30656,Mortgage Electronic Registration Systems, Inc., as nominee for Primary Residential Mortgage, Inc.,10/10/2014,157653,,Auction.com,,
14-049228-FC01,9/5/2017,Ware,1708 Burgess Street Waycross, Georgia,31501,Mortgage Electronic Registration Systems, Inc., as a nominee for Neighborhood Funding, Inc., its successors and assigns,5/12/2008,90480,,Hudson & Marshall,
15-056194-FC02,9/5/2017,Whitfield,160 Thompkins Alley Dalton, Georgia,30721,Regions Bank d/b/a Regions Mortgage,6/13/2014,113407,,Auction.com,,,,,
16-063281-FC02,9/5/2017,Wilkinson,1618 Old Macon Road Danville, Georgia,31017,Mortgage Electronic Registration Systems, Inc. as nominee for KLW, Inc. dba Northside Mortgage, its successors and assigns,5/7/2007,101409,,Hudson & Marshall,,
