18-068076-FC01,3/6/2018,Bacon,"152 Myra Street Alma, Georgia",31510,"Mortgage Electronic Registration Systems, Inc. as nominee for Countrywide Home Loans, Inc., its successors and assigns",7/14/2005,135867,,Altisource,,,,,
14-050182-FC04,3/6/2018,Barrow,"237 Oceanliner Drive Winder, Georgia",30680,"Mortgage Electronic Registration Systems, Inc. as nominee for Home America Mortgage, Inc., its successors and assigns",8/31/2006,177858,,ServiceLink Auction,,,,,
17-067023-FC01,3/6/2018,Barrow,"1541 Oakhill Drive Auburn, Georgia",30011,"Mortgage Electronic Registration Systems, Inc., as nominee for USAA Federal Savings Bank, its successors and assigns",5/3/2007,145000,,,,,,,
18-068121-FC01,3/6/2018,Barrow,"428 Hammond Road Statham, Georgia",30666,"Mortgage Electronic Registration Systems, Inc., as nominee for Taylor, Bean & Whitaker Mortgage Corp., its successors and assigns",1/15/2009,101495,,Chronos Solutions,,,,,
18-068204-FC01,3/6/2018,Barrow,"611 Bowling Lane Winder, Georgia",30680,"Mortgage Electronic Registration Systems, Inc. as nominee for Homestar Financial Corp., its successors and assigns",10/31/2008,112350,,Xome.com,,,,,
17-068011-FC01,3/6/2018,Bartow,"14 English Turn NW Cartersville, Georgia",30120,"Mortgage Electronic Registration Systems, Inc., as nominee for First Georgia Home Mortgage, Inc. DBA 1st Georgia Home Mortgage, its successors and assigns",10/8/2014,208163,,Xome.com,,,,,
17-064026-FC01,3/6/2018,Bibb,"3475 Travis Boulevard Macon, Georgia",31206,"Secretary of Veterans Affairs, an Officer of the United States of America",6/13/1997,39500,,,,,,,
16-063371-FC02,3/6/2018,Bibb,"149 Linstead Drive Macon, Georgia",31216,"Mortgage Electronic Registration Systems, Inc. as nominee for Taylor, Bean & Whitaker Mortgage Corp., its successors and assigns",11/30/2007,78764,,ServiceLink Auction,,,,,
18-068134-FC01,3/6/2018,Bibb,"3459 Finneydale Drive Macon, Georgia",31217,"Secretary of Veterans Affairs, an Officer of the United States of America",3/18/1997,52500,,,,,,,
17-066280-FC02,3/6/2018,Bryan,"71 Still Meadows Bend Richmond Hill, Georgia",31324,"Mortgage Electronic Registration Systems, Inc. as nominee for Quicken Loans Inc., its successors and assigns",9/4/2014,240825,,Auction.com,,,,,
15-053598-FC01,3/6/2018,Bulloch,"153 Boss Lanier Road Twin City, Georgia",30471,"Mortgage Electronic Systems, Inc. as nominee for Georgia Bank & Trust Company of Augusta, its successors and assigns",5/11/2006,97600,,Auction.com,,,,,
16-062643-FC02,3/6/2018,Butts,"226 McDonough Road Jackson, Georgia",30233,United Bank,3/31/2014,62840,,Auction.com,,,,,
17-063788-FC02,3/6/2018,Butts,"177 Cotton Drive Jackson, Georgia",30233,Colonial Bank,10/31/2008,112142,,Auction.com,,,,,
17-068063-FC01,3/6/2018,Butts,"227 Tussahaw Lane Jackson, Georgia",30233,"Mortgage Electronic Registration Systems, Inc. as nominee for Broker Solutions, Inc. dba New American Funding, its successors and assigns",4/28/2017,200009,,Auction.com,,,,,
17-064895-FC03,3/6/2018,Camden,"233 Edgewater Drive Saint Marys, Georgia",31558,Navy Federal Credit Union,11/1/2007,304898,,Auction.com,,,,,
17-066720-FC02,3/6/2018,Camden,"118 Willow Lake Drive Kingsland, Georgia",31548,Navy Federal Credit Union,6/30/2008,136350,,,,,,,
17-067694-FC02,3/6/2018,Camden,"625 South East Street Kingsland, Georgia",31548,"Mortgage Electronic Registration Systems, Inc. as nominee for Taylor, Bean & Whitaker Mortgage Corp., its successors and assigns",5/14/2002,71000,,Auction.com,,,,,
18-068143-FC01,3/6/2018,Candler,"3015 Union Road Metter, Georgia",30439,"Wells Fargo Home Mortgage, Inc.",9/26/2002,87000,,Auction.com,,,,,
18-068213-FC01,3/6/2018,Carroll,"215 Kendall Lane Carrollton, Georgia",30116,"Mortgage Electronic Registration Systems, Inc., as nominee for MIT Lending, its successors and assigns",2/27/2004,101211,,Auction.com,,,,,
17-068014-FC01,3/6/2018,Carroll,"103 Garrett Lane Carrollton, Georgia",30117,"Mortgage Electronic Registration Systems, Inc., as nominee for Security Atlantic Mortgage Co. Inc., its successors and assigns",4/29/2009,154156,,Chronos Solutions,,,,,
17-066856-FC02,3/6/2018,Carroll,"124 Scarlett Place Drive Bowdon, Georgia",30108,"Mortgage Electronic Registration Systems, Inc. as nominee for First Community Mortgage, Inc., its successors and assigns",8/28/2014,105891,,Auction.com,,,,,
16-062761-FC03,3/6/2018,Carroll,"213 Taylor Ridge Trail Villa Rica, Georgia",30180,"Mortgage Electronic Registration Systems, Inc., as nominee for Taylor Bean and Whitaker Mortgage Corp., its successors and assigns",6/18/2009,131219,,Chronos Solutions,,,,,
17-064144-FC03,3/6/2018,Catoosa,"87 Sparrow Lane Ringgold, Georgia",30736,"Mortgage Electronic Registration Systems, Inc. as nominee for First Community Mortgage, Inc., its successors and assigns",5/17/2010,127448,,Auction.com,,,,,
18-068317-FC01,3/6/2018,Catoosa,"106 Eagle View Drive Ringgold, Georgia",30736,"Mortgage Electronic Registration Systems, Inc., as nominee for Peoples Home Equity Inc., its successors and assigns",10/24/2014,138010,,Altisource,,,,,
11-016004-FC06,3/6/2018,Chatham,"4013 Campbell Street Savannah, Georgia",31405,"Wells Fargo Financial Georgia, Inc.",4/10/2008,213096.23,,,,,,,
17-066776-FC02,3/6/2018,Chatham,"728 E 38Th Street Savannah, Georgia",31401,"Mortgage Now, Inc.",8/25/1995,25250,,Auction.com,,,,,
17-066413-FC02,3/6/2018,Chatham,"4103 7th Street Garden City, Georgia",31408,"Wachovia Bank, National Association",5/21/2007,50000,,,,,,,
17-067759-FC01,3/6/2018,Chatham,"2536 Little John Court Savannah, Georgia",31406,"Mortgage Electronic Registration Systems, Inc., as nominee for Countrywide Home Loans, Inc., its successors and assigns",3/7/2007,149600,,Auction.com,,,,,
16-063288-FC03,3/6/2018,Chattooga,"186 Maffett Street Trion, Georgia",30753,"Mortgage Electronic Registration Systems, Inc. as nominee for Freedom Mortgage Corporation, its successors and assigns",2/8/2008,61952,,Chronos Solutions,,,,,
14-047317-FC02,3/6/2018,Chattooga,"70 Bell Street Menlo, Georgia",30731,"Mortgage Electronic Registration Systems, Inc. as nominee for Regions Bank d/b/a Regions Mortgage and its successors and assigns",3/25/2009,86487,,Auction.com,,,,,
17-068033-FC01,3/6/2018,Cherokee,"654 Lorimore Pass Canton, Georgia",30115,"Mortgage Electronic Registration Systems, Inc., as nominee for Pulte Mortgage LLC, its successors and assigns",6/27/2008,220282,,Chronos Solutions,,,,,
18-068334-FC01,3/6/2018,Cherokee,"303 Jason Court Woodstock, Georgia",30188,"Washington Mutual Bank, FA",2/18/2005,131240,,Auction.com,,,,,
18-068375-FC01,3/6/2018,Cherokee,"1142 Britley Park Lane Woodstock, Georgia",30189,"Mortgage Electronic Registration Systems, Inc., as nominee for Home America Mortgage, Inc.",10/23/2003,113800,,Auction.com,,,,,
17-066798-FC01,3/6/2018,Cherokee,"104 Meadow Brook Court Woodstock, Georgia",30188,First Horizon Home Loan Corporation,7/16/2004,319900,,Auction.com,,,,,
15-054144-FC04,3/6/2018,Clarke,"145 Kings Circle Athens, Georgia",30606,"Wells Fargo Bank, N.A.",2/28/2005,100424,,Auction.com,,,,,
17-066754-FC02,3/6/2018,Clarke,"1035 Barnett Shoals Road Athens, Georgia",30605,"Wells Fargo Bank, N.A.",4/28/2006,113320,,Auction.com,,,,,
17-066626-FC02,3/6/2018,Clarke,"2465 Winterville Road Athens, Georgia",30605,"Mortgage Electronic Registration Systems, Inc. as nominee for Home America Mortgage, Inc., its successors and assigns",11/11/2005,53804,,Auction.com,,,,,
17-065197-FC02,3/6/2018,Clarke,"108 Tupelo Court Athens, Georgia",30606,"Washington Mutual Bank, FA",1/27/2003,118362,,Auction.com,,,,,
18-068339-FC01,3/6/2018,Clarke,"440 Quailwood Drive Athens, Georgia",30606,"Wells Fargo Home Mortgage, Inc.",3/31/2004,117653,,Auction.com,,,,,
17-068066-FC01,3/6/2018,Clayton,"5677 Grande River Road College Park, Georgia",30349,"Mortgage Electronic Registration Systems, Inc. as nominee for Broker Solutions, Inc. dba New American Funding, its successors and assigns",6/29/2017,145112,,Auction.com,,,,,
17-066437-FC02,3/6/2018,Clayton,"6270 Lakeview Court Rex, Georgia",30273,"Mortgage Electronic Registration Systems, Inc. as nominee for Real Estate Mortgage Network, Inc. A Corporation, its successors and assigns",10/26/2009,85914,,Auction.com,,,,,
17-067327-FC02,3/6/2018,Clayton,"12278 Stillman Court Hampton, Georgia",30228,"Bank of America, N.A.",7/31/2009,154581,,Auction.com,,,,,
17-067062-FC02,3/6/2018,Clayton,"6362 Bell Haven Lane Riverdale, Georgia",30296,"Wells Fargo Home Mortgage, Inc.",7/1/2002,119039,,Auction.com,,,,,
13-043478-FC02,3/6/2018,Clayton,"742 Georgetown Court Jonesboro, Georgia",30236,"Mortgage Electronic Registration Systems, Inc. as nominee for Irwin Mortgage Corporation, its successors and assigns",10/13/2005,111120,,Auction.com,,,,,
03-0579-FC04,3/6/2018,Clayton,"10577 Tobano Trail Jonesboro, Georgia",30238,Unity Mortgage Corp.,3/5/1999,108594,,Auction.com,,,,,
11-019019-FC09,3/6/2018,Clayton,"3129 Pier II Jonesboro, Georgia",30236,Monticello Bank,1/16/2003,877500,,,,,,,
12-031227-FC05,3/6/2018,Clayton,"13080 Rangely Hills Drive Hampton, Georgia",30228,Sun America Mortgage Corporation,6/17/2002,166950,,Auction.com,,,,,
10-007107-FC06,3/6/2018,Clayton,"6428 Katie Lane Morrow, Georgia",30260,"Mortgage Electronic Registration Systems, Inc., as nominee for Pinnacle Financial Corporation",7/25/2003,121597,,Auction.com,,,,,
16-061256-FC02,3/6/2018,Clayton,"4626 Treasure Court Forest Park, Georgia",30297,"Mortgage Electronic Registration Systems, Inc., as nominee for Community Capital Bank, its successors and assigns",12/30/2010,153324,,ServiceLink Auction,,,,,
17-063573-FC02,3/6/2018,Clayton,"1878 Sawgrass Drive Hampton, Georgia",30228,"Mortgage Electronic Registration Systems, Inc. as nominee for AmericaHomeKey, Inc., its successors and assigns",11/12/2009,112917,,ServiceLink Auction,,,,,
17-063720-FC02,3/6/2018,Cobb,"1871 Cedar Cliff Drive Smyrna, Georgia",30080,"Wells Fargo Home Mortgage, Inc.",5/1/2003,183693,,Auction.com,,,,,
13-044354-FC02,3/6/2018,Cobb,"3900 Mistymorn Place Powder Springs, Georgia",30127,"Mortgage Electronic Registration Systems, Inc. as nominee for Fremont Investment & Loan, its successors and assigns",3/21/2005,150300,,Xome.com,,,,,
17-067830-FC01,3/6/2018,Cobb,"5052 Brighthampton Drive SE Atlanta, Georgia",30339,"Mortgage Electronic Registration Systems, Inc. as nominee for CBC National Bank, its successors and assigns",7/11/2017,267073,,Auction.com,,,,,
17-067848-FC01,3/6/2018,Cobb,"4487 Glenforest Drive NE Roswell, Georgia",30075,"Mortgage Electronic Registration Systems, Inc., as nominee for Carrington Mortgage Services, LLC., its successors and assigns",4/12/2016,296300,,Auction.com,,,,,
17-067424-FC01,3/6/2018,Cobb,"1025 Manor Drive SE Smyrna, Georgia",30080,"Mortgage Electronic Registration Systems, Inc. as nominee for Regions Bank d/b/a Regions Mortgage, its successors and assigns",10/19/2009,65120,,Auction.com,,,,,
17-066547-FC02,3/6/2018,Cobb,"391 Ethridge Drive NW Kennesaw, Georgia",30144,"Bank of America, N.A.",5/30/2008,181476,,Auction.com,,,,,
18-068125-FC01,3/6/2018,Cobb,"1724 Wynndowne Trail Se Smyrna, Georgia",30080,"Mortgage Electronic Registration Systems, Inc. as nominee for AHM Mortgage",5/29/2007,93380,,Auction.com,,,,,
18-068241-FC01,3/6/2018,Cobb,"126 Creighton Lane Marietta, Georgia",30008,"Mortgage Electronic Registration Systems, Inc. as nominee for SunTrust Mortgage, Inc., its successors and assigns",8/30/2007,176400,,Auction.com,,,,,
17-068052-FC01,3/6/2018,Cobb,"4008 Jody Circle Austell, Georgia",30106,"Mortgage Electronic Registration Systems, Inc., as nominee for Pine State Mortgage Corporation, its successors and assigns",5/27/2005,127301,,Xome.com,,,,,
17-068044-FC01,3/6/2018,Cobb,"217 Nellie Trace SE Mableton, Georgia",30126,Wachovia Mortgage Corporation,3/9/2007,151000,,,,,,,
17-067980-FC01,3/6/2018,Cobb,"5585 Wheatfield Lane Powder Springs, Georgia",30127,"Mortgage Electronic Registration Systems, Inc., as nominee for Countrywide Bank, N.A., its successors and assigns",8/3/2006,150150,,Xome.com,,,,,
17-067991-FC01,3/6/2018,Cobb,"6010 Deer View Place Austell, Georgia",30106,"Wells Fargo Bank, N.A.",8/17/2011,63352,,Auction.com,,,,,
18-068354-FC01,3/6/2018,Cobb,"1529 Endurance Hill Drive NW Kennesaw, Georgia",30152,"Mortgage Electronic Registration Systems, Inc. as nominee for Southeast Mortgage of Georgia, Inc. a Corporation",10/3/2013,125935,,Auction.com,,,,,
17-066496-FC02,3/6/2018,Coffee,"95 Matts Way Douglas, Georgia",31535,New Century Mortgage Corporation,9/26/2005,108000,,,,,,,
18-068138-FC01,3/6/2018,Columbia,"710 Faircloth Court Evans, Georgia",30809,"Mortgage Electronic Registration Systems, Inc., as nominee for First Bank Mortgage: A Division of First Bank of Georgia",4/30/2003,69900,,Auction.com,,,,,
17-067939-FC01,3/6/2018,Columbia,"212 Ansley Way Harlem, Georgia",30814,"Mortgage Electronic Registration Systems, Inc., as nominee for Primary Capital Advisors, LC, its successors and assigns",6/1/2009,142755,,Auction.com,,,,,
17-068036-FC01,3/6/2018,Columbia,"1005 Camden Way Evans, Georgia",30809,"Mortgage Electronic Registration Systems, Inc., as nominee for First Bank Mortgage a division of First Bank of Georgia, its successors and assigns",3/26/2010,186535,,Auction.com,,,,,
17-067742-FC01,3/6/2018,Columbia,"306 Summerfield Circle Grovetown, Georgia",30813,"Mortgage Electronic Registration Systems, Inc., as nominee for Primary Residential Mortgage Inc., its successors and assigns",8/14/2008,148667,,Xome.com,,,,,
17-066533-FC02,3/6/2018,Columbia,"4598 Hebbard Way Evans, Georgia",30809,"Mortgage Electronic Registration Systems, Inc., as nominee for Federal Guaranty Mortgage Co., its successors and assigns",7/29/2005,174757,,Auction.com,,,,,
17-066552-FC02,3/6/2018,Columbia,"111 W Lynne Drive Martinez, Georgia",30907,"Mortgage Electronic Registration Systems, Inc. as nominee for Carrington Mortgage Services, LLC, its successors and assigns",9/18/2014,139974,,,,,,,
16-061704-FC03,3/6/2018,Columbia,"461 Sebastian Drive Grovetown, Georgia",30813,"Mortgage Electronic Registration Systems, Inc., as nominee for Carrington Mortgage Services, LLC., its successors and assigns",6/12/2014,214412,,,,,,,
15-052946-FC03,3/6/2018,Columbia,"223 Corley Circle Grovetown, Georgia",30813,"Wells Fargo Bank, N.A.",6/14/2013,231550,,,,,,,
18-068257-FC01,3/6/2018,Coweta,"50 Stillwater Court Newnan, Georgia",30263,"Mortgage Electronic Registration Systems, Inc. as nominee for Brand Mortgage Group, its successors and assigns",6/19/2013,162418,,,,,,,
17-066710-FC02,3/6/2018,Coweta,"44 Sawgrass Manor Drive Newnan, Georgia",30265,"Mortgage Electronic Registration Systems, Inc. as nominee for Quicken Loans Inc., its successors and assigns",3/29/2013,127900,,Auction.com,,,,,
16-056843-FC05,3/6/2018,Coweta,"144 Moody Farm Road Newnan, Georgia",30263,"Mortgage Electronic Registration Systems, Inc. as nominee for Market Street Mortgage Corporation",1/31/2007,84848,,Auction.com,,,,,
17-064108-FC02,3/6/2018,Dade,"1871 Mount Olive Road Lookout Mountain, Georgia",30750,"ABN AMRO Mortgage Group, Inc.",7/18/2002,75000,,Auction.com,,,,,
17-064437-FC02,3/6/2018,Dawson,"5070 S Sanderlin Mountain NKA 554 S Sanderlin Mountain # 5070 Big Canoe, Georgia",30143,"Mortgage Electronic Registration Systems, Inc. as nominee for Bank of America, N.A., its successors and assigns",11/14/2013,262400,,,,,,,
18-068118-FC01,3/6/2018,Dawson,"6176 Jewel Weed Turn Big Canoe, Georgia",30143,"Mortgage Electronic Registration Systems, Inc., as nominee for Superior Home Mortgage Corporation, its successors and assigns",5/14/2010,184000,,Auction.com,,,,,
15-051168-FC09,3/6/2018,DeKalb,"516 Candler Park Drive NE Atlanta, Georgia",30307,"Mortgage Electronic Registration Systems, Inc. as nominee for Real Estate Mortgage Network, Inc.",5/22/2008,266437,,Auction.com,,,,,
13-038476-FC06,3/6/2018,DeKalb,"3091 Lindon Lane Decatur, Georgia",30033,"Mortgage Electronic Registration Systems, Inc. as nominee for Quicken Loans, Inc., its successors and assigns",5/26/2011,92920,,Auction.com,,,,,
14-047844-FC05,3/6/2018,DeKalb,"5642 Southern Pines Court Stone Mountain, Georgia",30087,"Ford Consumer Finance Company, Inc.",12/17/1993,144019,,Auction.com,,,,,
14-046412-FC05,3/6/2018,DeKalb,"6069 Windy Ridge Trail Lithonia, Georgia",30058,Option One Mortgage Corporation,10/13/2006,258461,,,,,,,
14-049112-FC06,3/6/2018,DeKalb,"787 Southland Pass Stone Mountain, Georgia",30087,"Mortgage Electronic Registration Systems, Inc. as nominee for Quicken Loans Inc., its successors and assigns",9/23/2011,115039,,Auction.com,,,,,
17-064180-FC01,3/6/2018,DeKalb,"4005 Forrestal Drive Chamblee, Georgia",30341,"Mortgage Electronic Registration Systems, Inc. as nominee for Quicken Loans Inc., its successors and assigns",8/17/2012,189750,,,,,,,
17-063593-FC02,3/6/2018,DeKalb,"5620 Hunters Crossing Court Lithonia, Georgia",30038,"Secretary of Veterans Affairs, an Officer of the United States of America, its successors and assigns",8/28/2000,118900,,,,,,,
16-062354-FC01,3/6/2018,DeKalb,"6104 Idlewood Pass Lithonia, Georgia",30038,"Mortgage Electronic Registration Systems, Inc. as nominee for Southeast Mortgage of Georgia, Inc., its successors and assigns",5/24/2010,82464,,Auction.com,,,,,
16-059813-FC04,3/6/2018,DeKalb,"4053 Lucas Lane Ellenwood, Georgia",30294,"Mortgage Electronic Registration Systems, Inc. as nominee for Primary Residential Mortgage, Inc.",7/31/2012,207398,,,,,,,
17-066843-FC02,3/6/2018,DeKalb,"3784 Soapstone Road Decatur, Georgia",30034,"ABN AMRO Mortgage Group, Inc.",10/23/2001,106160,,Auction.com,,,,,
17-067801-FC01,3/6/2018,DeKalb,"4203 Weelaunee Road Ellenwood, Georgia",30294,"Mortgage Electronic Registration Systems, Inc., as nominee for First Service Mortgage, Inc., its successors and assigns",9/19/2008,133964,,ServiceLink Auction,,,,,
17-067637-FC01,3/6/2018,DeKalb,"4299 Meadow Vista Drive Lithonia, Georgia",30038,"Mortgage Electronic Registration Systems, Inc. as nominee for Academy Mortgage Corporation",9/7/2010,245471,,Auction.com,,,,,
17-064574-FC04,3/6/2018,DeKalb,"4193 Durham Circle Stone Mountain, Georgia",30083,"Mortgage Electronic Registration Systems, Inc. as nominee for Georgetown Mortgage, Inc.",3/26/2004,161232,,Auction.com,,,,,
18-068094-FC01,3/6/2018,DeKalb,"4703 Brookspring Way Stone Mountain, Georgia",30083,"Mortgage Electronic Registration Systems, Inc. as nominee for First Magnus Financial Corporation, An Arizona Corporation",10/20/2006,127382,,Auction.com,,,,,
18-068271-FC01,3/6/2018,DeKalb,"3240 Christian Springs Drive Lithonia, Georgia",30038,"Gulf States Mortgage Co., Inc.",6/27/1991,59900,,Auction.com,,,,,
17-068035-FC01,3/6/2018,DeKalb,"773 The Trace Lithonia, Georgia",30058,"Secretary of Veterans Affairs, an Officer of the United States of America",8/2/1993,64890,,,,,,,
17-068048-FC01,3/6/2018,DeKalb,"4032 Emerald North Drive Decatur, Georgia",30035,"Mortgage Electronic Registration Systems, Inc., as nominee for Taylor, Bean & Whitaker Mortgage Corp., its successors and assigns",11/26/2008,125152,,Altisource,,,,,
17-068051-FC01,3/6/2018,DeKalb,"782 Bristol Way Lithonia, Georgia",30058,Bank of America N.A.,1/10/2008,151698,,Auction.com,,,,,
18-068080-FC01,3/6/2018,DeKalb,"2800 Parkway Cove Lithonia, Georgia",30058,"Mortgage Electronic Registration Systems, Inc., as nominee for American Mortgage Services, Inc., its successors and assigns",11/15/2005,117653,,Chronos Solutions,,,,,
17-067912-FC01,3/6/2018,DeKalb,"7265 Flint Way Lithonia, Georgia",30038,"Mortgage Electronic Registration Systems, Inc., as nominee for Pine State Mortgage Corporation, its successors and assigns",10/10/2008,223014,,,,,,,
17-068003-FC01,3/6/2018,DeKalb,"5443 Wellborn Creek Drive Lithonia, Georgia",30058,"Mortgage Electronic Registration Systems, Inc., as nominee for Countrywide Bank, FSB, its successors and assigns",2/25/2008,102312,,Chronos Solutions,,,,,
17-067950-FC01,3/6/2018,DeKalb,"5741 Wind Gate Lane Lithonia, Georgia",30058,"Mortgage Electronic Registration Systems, Inc. as nominee for Opteum Financial Services, LLC, its successors and assigns",6/3/2005,74130,,,,,,,
16-060229-FC03,3/6/2018,Douglas,"6795 John Clark Drive Douglasville, Georgia",30134,"JPMorgan Chase Bank, N.A.",6/8/2009,116032,,Auction.com,,,,,
09-012303-FC02,3/6/2018,Douglas,"2095 W Lotus Point Drive Lithia Springs, Georgia",30122,"Mortgage Electronic Registration Systems, Inc. as nominee for Home America Mortgage, Inc.",7/28/2003,140025,,Auction.com,,,,,
13-043428-FC02,3/6/2018,Douglas,"3162 Bertha's Overlook Douglasville, Georgia",30135,"Mortgage Electronic Registration Systems, Inc. as nominee for Sun America Mortgage, its successors and assigns",10/29/2004,146900,,,,,,,
13-042844-FC08,3/6/2018,Effingham,"720 Old Dixie Highway South Springfield, Georgia",31329,"Wells Fargo Bank, N.A.",8/29/2006,462000,,,,,,,
17-067930-FC01,3/6/2018,Effingham,"163 Sweet Gum Drive Springfield, Georgia",31329,"Mortgage Electronic Registration Systems, Inc. as nominee for AmeriBank Mortgage Company, LLC, its successors and assigns",1/22/2009,150396,,Chronos Solutions,,,,,
12-031432-FC02,3/6/2018,Emanuel,"482 Hawhammock Church Road Swainsboro, Georgia",30401,"Mortgage Electronic Registration Systems, Inc. as nominee for PrimeSouth Mortgage, its successors and assigns",8/29/2007,193000,,Auction.com,,,,,
17-067837-FC01,3/6/2018,Fannin,"1860 Highway 2 Blue Ridge, Georgia",30513,"Mortgage Electronic Registration Systems, Inc. as nominee for Home Loan Center Inc., DBA Lendingtree Loans, A California Corporation, its successors and assigns",2/9/2009,140008,,ServiceLink Auction,,,,,
17-068030-FC01,3/6/2018,Fayette,"130 Pine Trail Fayetteville, Georgia",30214,First Union National Bank,2/7/2001,100000,,,,,,,
17-068038-FC01,3/6/2018,Forsyth,"6450 Countryland Drive Dawsonville, Georgia",30534,"Mortgage Electronic Registration Systems, Inc., as nominee for Proficio Mortgage Ventures, LLC, its successors and assigns",12/2/2009,185204,,Chronos Solutions,,,,,
17-068056-FC01,3/6/2018,Forsyth,"7825 Silver Creek Road Dawsonville, Georgia",30534,"Mortgage Electronic Registration Systems, Inc. as nominee for American Equity Mortgage, Inc., its successors and assigns",7/29/2011,219128,,Altisource,,,,,
17-067836-FC01,3/6/2018,Forsyth,"5315 Young Deer Drive Cumming, Georgia",30041,"Mortgage Electronic Registration Systems, Inc. as nominee for Sunshine Mortgage Corporation, its successors and assigns",11/24/2004,333700,,Auction.com,,,,,
16-060206-FC03,3/6/2018,Forsyth,"8490 Deliah Way Gainesville, Georgia",30506,"Mortgage Electronic Registration Systems, Inc., as nominee for CBC National Bank",8/7/2013,150000,,,,,,,
16-059565-FC02,3/6/2018,Forsyth,"5610 Rolling Oaks Drive Cumming, Georgia",30040,FT Mortgage Companies d.b.a. HomeBanc Mortgage Corporation,9/16/1998,121250,,ServiceLink Auction,,,,,
15-052247-FC02,3/6/2018,Fulton,"410 Stonecastle Pass SW Atlanta, Georgia",30331,"Mortgage Electronic Registration Systems, Inc. as nominee for Realty Mortgage Corporation and its successors and assigns",12/15/2008,202329,,ServiceLink Auction,,,,,
15-054438-FC04,3/6/2018,Fulton,"3020 Sable Trail College Park, Georgia",30349,"Wells Fargo Bank, N.A.",5/11/2009,160560,,Auction.com,,,,,
15-055390-FC02,3/6/2018,Fulton,"5020 Southlake Drive Alpharetta, Georgia",30005,"Mortgage Electronic Registration Systems, Inc. as nominee for SouthStar Funding, LLC",2/16/2005,272000,,,,,,,
15-053840-FC04,3/6/2018,Fulton,"5557 Sable Way Atlanta, Georgia",30349,"Mortgage Electronic Registration Systems, Inc. as nominee for Countrywide KB Home Loans, a Countrywide Mortgage Ventures, LLC series, its successors and assigns",12/21/2007,127393,,Auction.com,,,,,
14-049053-FC05,3/6/2018,Fulton,"745 Ambrose Lane College Park, Georgia",30349,"CTX Mortgage Company, LLC",6/28/2004,198779,,,,,,,
13-044086-FC02,3/6/2018,Fulton,"100 Big Elk Court SW Atlanta, Georgia",30349,"Mortgage Electronic Registration Systems, Inc. as nominee for Opteum Financial Services, LLC, it's successor and assigns",3/13/2006,181989,,Williams & Williams,,,,,
14-047936-FC01,3/6/2018,Fulton,"620 Leitrim Way College Park, Georgia",30349,"Mortgage Electronic Registration Systems, Inc. as nominee for Silverton Mortgage Specialists, Inc.",7/27/2012,139945,,,,,,,
16-057766-FC04,3/6/2018,Fulton,"330 Alamosa Path SW Atlanta, Georgia",30349,"Mortgage Electronic Registration Systems, Inc. as nominee for Carrington Mortgage Services, LLC, its successors and assigns",11/12/2013,265010,,Auction.com,,,,,
15-056129-FC03,3/6/2018,Fulton,"673 Providence Place SW Unit 4 Atlanta, Georgia",30331,"Mortgage Electronic Registration Systems, Inc. as nominee for USA Home Loans, Inc.",6/4/2008,156118,,Auction.com,,,,,
16-062071-FC03,3/6/2018,Fulton,"7272 Madison Circle Union City, Georgia",30291,"Mortgage Electronic Registration Systems, Inc., as nominee for FMF Capital LLC, its successors and assigns",1/31/2006,208000,,,,,,,
17-063962-FC02,3/6/2018,Fulton,"199 NE 14th Street Apt. 1604 Atlanta, Georgia",30309,"Union Planters Bank, d/b/a Regions Mortgage",11/29/2004,91000,,,,,,,
17-067404-FC02,3/6/2018,Fulton,"4681 Irish Red Court Union City, Georgia",30291,"Mortgage Electronic Registration Systems, Inc., as nominee for Direct Mortgage, Corp., its successors and assigns",6/20/2014,194573,,ServiceLink Auction,,,,,
17-067293-FC02,3/6/2018,Fulton,"4345 Kimball Road Atlanta, Georgia",30331,"Wells Fargo Bank, N.A.",10/31/2012,79068.49,,Auction.com,,,,,
17-066763-FC02,3/6/2018,Fulton,"2600 Muskeg Court SW Atlanta, Georgia",30331,"Bank of America, N.A.",9/28/2007,248472,,Auction.com,,,,,
17-067773-FC01,3/6/2018,Fulton,"6890 Oswego Trail Riverdale, Georgia",30296,"Homeside Lending, Inc.",12/29/1999,88000,,,,,,,
17-065869-FC04,3/6/2018,Fulton,"420 Buffington Drive Union City, Georgia",30291,"Mortgage Electronic Registration Systems, Inc. as nominee for American Brokers Conduit, its successors and assigns",4/17/2007,104800,,Auction.com,,,,,
17-065182-FC03,3/6/2018,Fulton,"4316 Shamrock Drive Atlanta, Georgia",30349,"Mortgage Electronic Registration Systems, Inc. as nominee for Colonial Bank, N.A.",5/30/2008,223384,,Auction.com,,,,,
17-064528-FC03,3/6/2018,Fulton,"2700 Tanglewood Trail Atlanta, Georgia",30344,"Mortgage Electronic Registration Systems, Inc. as nominee for Opteum Mortgage, a division of Metrocities Mortgage, LLC, its successors and assigns",3/21/2008,174174,,Auction.com,,,,,
17-064423-FC02,3/6/2018,Fulton,"7795 Rivertown Road Fairburn, Georgia",30213,"Wells Fargo Bank, N.A.",8/29/2013,115016,,Auction.com,,,,,
17-066660-FC02,3/6/2018,Fulton,"1274 Martin Street SE Atlanta, Georgia",30315,"SunTrust Mortgage, Inc.",7/30/2008,99470,,Auction.com,,,,,
17-066475-FC02,3/6/2018,Fulton,"225 Glen Ivy Drive Roswell, Georgia",30076,New Century Mortgage Corporation,4/14/2006,260000,,,,,,,
17-066341-FC03,3/6/2018,Fulton,"4090 Fairburn Avenue Atlanta, Georgia",30331,"Wells Fargo Bank, N.A.",2/19/2010,79406,,Auction.com,,,,,
17-067886-FC02,3/6/2018,Fulton,"3925 Ailey Avenue Atlanta, Georgia",30349,"World Savings Bank, FSB",6/22/2007,50200,,,,,,,
17-067913-FC01,3/6/2018,Fulton,"318 Riverview Court Fairburn, Georgia",30213,"Bank of America, N.A.",7/31/2008,176505,,Auction.com,,,,,
17-068057-FC01,3/6/2018,Fulton,"832 Dolly Avenue SW Atlanta, Georgia",30331,New Century Mortgage Corporation,3/24/2006,372446.4,,,,,,,
17-068043-FC01,3/6/2018,Fulton,"440 Waterstone Court Johns Creek, Georgia",30022,"Mortgage Electronic Registration Systems, Inc., as nominee for Wachovia Mortgage, FSB, its successors and assigns",6/10/2009,285500,,Auction.com,,,,,
17-068046-FC01,3/6/2018,Fulton,"1872 Sylvan Road SW Atlanta, Georgia",30310,United Bank Mortgage Company,10/21/1996,59823,,Auction.com,,,,,
17-068031-FC01,3/6/2018,Fulton,"2023 Broadmoor Way Fairburn, Georgia",30213,"Mortgage Electronic Registration Systems, Inc., as nominee for Carrington Mortgage Services, LLC, its successors and assigns",12/3/2015,199700,,Auction.com,,,,,
18-068163-FC01,3/6/2018,Fulton,"749 Wylie Street SE Atlanta, Georgia",30316,"Mortgage Electronic Registration Systems, Inc., as nominee for Quicken Loans, Inc., its successors and assigns",5/2/2017,342875,,Auction.com,,,,,
18-068196-FC01,3/6/2018,Fulton,"7863 Heathmore Drive Fairburn, Georgia",30213,"Mortgage Electronic Registration Systems, Inc., as nominee for Academy Mortgage Corporation, its successors and assigns",9/14/2012,270225,,ServiceLink Auction,,,,,
18-068306-FC01,3/6/2018,Fulton,"57 Forsyth Street Ut 9A Atlanta, Georgia",30303,"Mortgage Electronic Registration Systems, Inc. as nominee for Primary Residential Mortgage, Inc.",6/10/2011,121831,,Auction.com,,,,,
16-062078-FC03,3/6/2018,Gilmer,"235 Sutton Road Ellijay, Georgia",30540,"Lendmark Financial Services, Inc.",3/18/2005,36000,,,,,,,
17-066443-FC03,3/6/2018,Gordon,"3827 Dews Pond Road SE Calhoun, Georgia",30701,"Mortgage Electronic Registration Systems, Inc., as nominee for Allied Mortgage Capital Corporation, its successors and assigns",4/8/2002,106685,,Auction.com,,,,,
14-048703-FC03,3/6/2018,Grady,"850 Old Newton Road Pelham, Georgia",31779,"Mortgage Electronic Registration Systems, Inc. as nominee for Home America Mortgage, Inc., its successors and assigns",9/3/2004,88903,,ServiceLink Auction,,,,,
17-067400-FC03,3/6/2018,Gwinnett,"2773 Loral Pines Drive Lawrenceville, Georgia",30044,First Franklin A Division of Nat. City Bank of IN,3/4/2005,145000,,Xome.com,,,,,
17-067357-FC02,3/6/2018,Gwinnett,"1959 Fabersham Drive Snellville, Georgia",30078,"Mortgage Electronic Registration Systems, Inc. as nominee for First Option Mortgage, LLC",10/19/2010,105578,,Auction.com,,,,,
17-067196-FC02,3/6/2018,Gwinnett,"2777 Pierce Brennen Court Lawrenceville, Georgia",30043,"Mortgage Electronic Registration Systems, Inc. as nominee for First National Bank of Arizona",9/27/2004,135100,,,,,,,
17-066820-FC02,3/6/2018,Gwinnett,"484 Berckman Drive NW Lilburn, Georgia",30047,"Mortgage Electronic Registration Systems, Inc. as nominee for Freedom Mortgage Corporation, its successors and assigns",2/15/2008,130945,,Auction.com,,,,,
17-067843-FC01,3/6/2018,Gwinnett,"3266 Mill Springs Circle Buford, Georgia",30519,"Mortgage Electronic Registration Systems, Inc., as nominee for Allied Home Mortgage Capital Corporation, its successors and assigns",10/12/2007,123068,,Auction.com,,,,,
17-067832-FC01,3/6/2018,Gwinnett,"5760 Marshes Court Norcross, Georgia",30071,"Mortgage Electronic Registration Systems, Inc. as nominee for Freedom Mortgage Corporation, its successors and assigns",10/30/2013,86348,,Auction.com,,,,,
17-066319-FC02,3/6/2018,Gwinnett,"3161 Linden Drive Lawrenceville, Georgia",30044,National Mortgage Investments Co. Inc.,10/22/1993,56934,,Auction.com,,,,,
17-066192-FC02,3/6/2018,Gwinnett,"1379 Sierra Ridge Place Loganville, Georgia",30052,"Mortgage Electronic Registration Systems, Inc. as nominee for Academy Mortgage Corporation, A Utah Corporation, its successors and assigns",2/25/2010,106221,,Auction.com,,,,,
17-066495-FC02,3/6/2018,Gwinnett,"3598 McClaren Way Lawrenceville, Georgia",30044,"Mortgage Electronic Registration Systems, Inc., as nominee for WR Starkey Mortgage, L.L.P., its successors and assigns",3/20/2009,141882,,Auction.com,,,,,
17-066683-FC02,3/6/2018,Gwinnett,"543 Woodland Park Terrace Lawrenceville, Georgia",30043,"Mortgage Electronic Registration Systems, Inc., as nominee for Countrywide Home Loans, Inc., its successors and assigns",4/28/2006,175066,,Auction.com,,,,,
17-064430-FC03,3/6/2018,Gwinnett,"2684 Kenwood Drive Duluth, Georgia",30096,"Mortgage Electronic Registration Systems, Inc., as nominee for Carrington Mortgage Services, LLC, its successors and assigns",3/24/2016,245638,,Auction.com,,,,,
17-065602-FC02,3/6/2018,Gwinnett,"2205 Oakland Downs Way Lawrenceville, Georgia",30044,"Mortgage Electronic Registration Systems, Inc. as nominee for HSBC Mortgage Corporation (USA), Its Successors and assigns",10/17/2007,161400,,Auction.com,,,,,
18-068201-FC01,3/6/2018,Gwinnett,"650 Wiley Lane Auburn, Georgia",30011,Home123 Corporation,3/24/2006,153000,,,,,,,
18-068128-FC01,3/6/2018,Gwinnett,"3202 Masters Pass Court Snellville, Georgia",30039,"Mortgage Electronic Registration Systems, Inc., as nominee for Primary Capital Advisors, LC, its successors and assigns",9/25/2008,201631,,Auction.com,,,,,
18-068097-FC01,3/6/2018,Gwinnett,"4975 Arbor View Way Sugar Hill, Georgia",30518,"Wells Fargo Bank, N.A.",7/20/2011,98071,,Auction.com,,,,,
18-068242-FC01,3/6/2018,Gwinnett,"3710 Lake Pass Lane Suwanee, Georgia",30024,"Mortgage Electronic Registration Systems, Inc. as nominee for Bank of North Georgia Mortgage, A Division of Bank of North Georgia",7/29/2005,166480,,,,,,,
18-068219-FC01,3/6/2018,Gwinnett,"3246 Brownlee Lane SW Lilburn, Georgia",30047,"Wells Fargo Home Mortgage, Inc.",7/31/2003,81137,,Auction.com,,,,,
17-068049-FC01,3/6/2018,Gwinnett,"845 James Path Court Lawrenceville, Georgia",30044,"Mortgage Electronic Registration Systems, Inc., as nominee for Fremont Investment & Loan, its successors and assigns",4/28/2006,127200,,,,,,,
17-067976-FC01,3/6/2018,Gwinnett,"915 Georgian Hills Drive Lawrenceville, Georgia",30045,"Mortgage Electronic Registration Systems, Inc., as nominee for Real Estate Mortgage Network, Inc., its successors and assigns",7/1/2009,127645,,Xome.com,,,,,
17-067979-FC01,3/6/2018,Gwinnett,"615 Tribble Way Loganville, Georgia",30052,"Mortgage Electronic Registration Systems, Inc., as nominee for ClearPath Lending, its successors and assigns",1/10/2017,179161,,Xome.com,,,,,
17-067953-FC01,3/6/2018,Gwinnett,"928 Natchez Valley Trace Grayson, Georgia",30017,"Wells Fargo Bank, N.A.",12/13/2005,396000,,,,,,,
14-049444-FC07,3/6/2018,Gwinnett,"3434 Hill Drive Duluth, Georgia",30096,First Union Mortgage Corporation,9/8/1999,85000,,Auction.com,,,,,
15-054043-FC07,3/6/2018,Gwinnett,"1032 Heather Court Lawrenceville, Georgia",30043,"Mortgage Electronic Registration Systems, Inc. as nominee for Bank of America, N.A., its successors and assigns",1/17/2013,107223,,Xome.com,,,,,
16-062600-FC03,3/6/2018,Gwinnett,"2101 Crescentview Drive Lawrenceville, Georgia",30044,"Mortgage Electronic Registration Systems, Inc. as nominee for Lehman Brothers Bank, FSB, A Federal Savings Bank, its successors and assigns",8/29/2005,122400,,Xome.com,,,,,
16-057347-FC04,3/6/2018,Gwinnett,"3253 Bonita Way Buford, Georgia",30519,"Mortgage Electronic Registration Systems, Inc. as nominee for BancMortgage Financial Corp., its successors and assigns",10/29/2002,166850,,Auction.com,,,,,
17-068024-FC01,3/6/2018,Habersham,"174 Timberwood Trail Demorest, Georgia",30535,"Mortgage Electronic Registration Systems, Inc. as nominee for Quicken Loans Inc., its successors and assigns",8/13/2012,216600,,,,,,,
17-066732-FC02,3/6/2018,Hall,"2269 Lee Street Gainesville, Georgia",30504,"Mortgage Electronic Registration Systems, Inc., as nominee for Quicken Loans, Inc., its successors and assigns",11/27/2015,139300,,Auction.com,,,,,
17-067928-FC01,3/6/2018,Hall,"3725 Kimberly Drive Gainesville, Georgia",30506,Foundation Financial Group,9/16/2005,126450,,,,,,,
12-032018-FC07,3/6/2018,Hall,"6426 Deep Valley Court Flowery Branch, Georgia",30542,"Mortgage Electronic Registration Systems, Inc. as nominee for First Horizon Home Loan Corporation, its successors and assigns.",1/31/2007,212800,,Auction.com,,,,,
16-059376-FC02,3/6/2018,Hall,"2505 Cove Road Gainesville, Georgia",30506,"Bank of America, NA",7/19/2010,370960,,,,,,,
16-061547-FC02,3/6/2018,Harris,"202 Cherry Avenue Pine Mountain, Georgia",31822,TranSouth Mortgage Corporation,12/29/1993,80751.37,,Auction.com,,,,,
17-067142-FC01,3/6/2018,Hart,"62 Lamb Road Hartwell, Georgia",30643,Regions Bank d/b/a Regions Mortgage,9/25/2015,162011,,Auction.com,,,,,
17-066637-FC02,3/6/2018,Hart,"8271 Scheafer Street Bowersville, Georgia",30516,"Mortgage Electronic Registration Systems, Inc. as nominee for Palladium Mortgage Corporation",2/20/2009,94627,,Auction.com,,,,,
14-048687-FC01,3/6/2018,Hart,"282 Clyde Circle Hartwell, Georgia",30643,"Mortgage Electronic Registration Systems, Inc. as nominee for Taylor, Bean & Whitaker Mortgage Corp., its successors and assigns",9/26/2007,89320,,ServiceLink Auction,,,,,
09-010947-FC02,3/6/2018,Hart,"442 Green Meadows Drive Hartwell, Georgia",30643,"Union Planters Bank, N.A.",7/23/2003,75000,,,,,,,
12-029659-FC02,3/6/2018,Hart,"135 Brendas Way Hartwell, Georgia",30643,"Union Planters Bank, N.A.",10/31/2003,66000,,,,,,,
17-067909-FC01,3/6/2018,Henry,"67 Ann Court Mcdonough, Georgia",30253,"Mortgage Electronic Registration Systems, Inc. as nominee for The First State Bank, its successors and assigns",10/16/2007,103500,,Auction.com,,,,,
17-068019-FC01,3/6/2018,Henry,"1307 Durham Terrace McDonough, Georgia",30252,"Wells Fargo Bank, N.A.",11/22/2013,140700,,Auction.com,,,,,
18-068114-FC01,3/6/2018,Henry,"1433 Shellnut Court Hampton, Georgia",30228,"Mortgage Electronic Registration Systems, Inc. as nominee for Colonial Bank N.A., its successors and assigns",1/31/2008,124368,,Auction.com,,,,,
18-068116-FC01,3/6/2018,Henry,"1586 Pressley Lane McDonough, Georgia",30253,"Mortgage Electronic Registration Systems, Inc., as nominee for HomeBridge Financial Services, Inc., its successors and assigns",4/29/2016,188786,,Xome.com,,,,,
17-066662-FC02,3/6/2018,Henry,"332 McCurry Road Stockbridge, Georgia",30281,"Mortgage Electronic Registration Systems, Inc. as nominee for Fidelity Bank D/B/A Fidelity Bank Mortgage, A Georgia Chartered Bank, its successors and assigns",9/14/2011,161709,,Auction.com,,,,,
17-066678-FC02,3/6/2018,Henry,"817 Brisley Circle Hampton, Georgia",30228,"Mortgage Electronic Registration Systems, Inc., as nominee for Primary Residential Mortgage, Inc., its successors and assigns",4/7/2010,127551,,Auction.com,,,,,
17-065900-FC03,3/6/2018,Henry,"810 Chelsea Wood Court Stockbridge, Georgia",30281,"Mortgage Electronic Registration Systems, Inc. as nominee for Pine State Mortgage Corporation, A Georgia Corporation, its successors and assigns",3/23/2009,149895,,Auction.com,,,,,
14-048018-FC01,3/6/2018,Henry,"1102 Saint Phillips Court Locust Grove, Georgia",30248,"CTX MORTGAGE COMPANY, LLC",12/27/2002,120600,,Auction.com,,,,,
14-045966-FC02,3/6/2018,Henry,"1048 Saint Augustine Parkway Locust Grove, Georgia",30248,"Mortgage Electronic Registration Systems, Inc., as a nominee for AMERICAHOMEKEY INC., its successors or assigns",6/24/2011,70599,,ServiceLink Auction,,,,,
15-054502-FC02,3/6/2018,Henry,"316 Jasmine Drive Locust Grove, Georgia",30248,"Mortgage Electronic Registration Systems, Inc., as nominee for Fairway Independent Mortgage Corporation d/b/a Premier Capital Mortgage, its successors and assigns",12/14/2009,86734,,Auction.com,,,,,
17-063695-FC02,3/6/2018,Henry,"435 Magnolia Gardens Walk McDonough, Georgia",30253,"Mortgage Electronic Registration Systems, Inc., as nominee for Terrace Mortgage Company, its successors and assigns",9/22/2009,83460,,Auction.com,,,,,
16-061549-FC03,3/6/2018,Henry,"108 Courts of Hampton Hampton, Georgia",30228,"Mortgage Electronic Registration Systems, Inc., as nominee for AmericaHomekey, Inc., its successors and assigns",3/10/2011,243523,,Chronos Solutions,,,,,
16-057764-FC04,3/6/2018,Henry,"243 NorthBridge Drive Stockbridge, Georgia",30281,"Mortgage Electronic Registration Systems, Inc. as nominee for Ascent Home Loans, Inc. its successors and assigns",12/26/2007,119262,,Chronos Solutions,,,,,
15-056261-FC02,3/6/2018,Houston,"329 Imperial Circle East Warner Robins, Georgia",31093,"Mortgage Electronic Registration Systems, Inc., as nominee for Carrington Mortgage Services, LLC, it's successors and assigns",2/11/2014,64313,,Auction.com,,,,,
15-050701-FC03,3/6/2018,Houston,"105 Somerset Drive Warner Robins, Georgia",31088,"Bank of America, N.A.",12/8/2008,94749,,Auction.com,,,,,
13-038568-FC05,3/6/2018,Houston,"205 North Charity Lane Warner Robins, Georgia",31088,"Mortgage Electronic Registration Systems, Inc. as nominee for LifeStyle Mortgage Holdings, Inc.",12/5/2007,128860,,Auction.com,,,,,
18-068089-FC01,3/6/2018,Houston,"320 Draper Street Warner Robins, Georgia",31088,"Mortgage Electronic Registration Systems, Inc. as nominee for CitiMortgage, Inc., its successors and assigns",8/5/2009,119918,,Auction.co,,,,,
17-067926-FC01,3/6/2018,Houston,"213 Covington Cove Byron, Georgia",31008,"Mortgage Electronic Registration Systems, Inc. as nominee for Envoy Mortgage, LTD, its successors and assigns",3/30/2009,111443,,Chronos Solutions,,,,,
17-066938-FC02,3/6/2018,Jackson,"27 Clover Mill Drive Jefferson, Georgia",30549,"Mortgage Electronic Registration Systems, Inc. as nominee for Platinum Mortgage, Inc.",8/9/2012,168778,,Auction.com,,,,,
17-066281-FC02,3/6/2018,Jasper,"58 Ashwood Drive Mansfield, Georgia",30055,"Mortgage Electronic Registration Systems, Inc. as nominee for Quicken Loans Inc., its successors and assigns",12/26/2014,115786,,Auction.com,,,,,
18-068126-FC01,3/6/2018,Jasper,"167 Edison Lane Monticello, Georgia",31064,"IndyMac Bank, F.S.B., a federally chartered savings bank",10/22/2002,119000,,Auction.com,,,,,
18-068160-FC01,3/6/2018,Jasper,"1152 Clay Street Monticello, Georgia",31064,"Mortgage Electronic Registration Systems, Inc. as nominee for Quicken Loans Inc., its successors and assigns",4/28/2017,140650,,Auction.com,,,,,
17-068037-FC01,3/6/2018,Jones,"236 Baker Road Macon, Georgia",31211,"Mortgage Electronic Registration Systems, Inc., as nominee for Home America Mortgage, Inc., its successors and assigns",7/1/2005,99497,,Chronos Solutions,,,,,
17-067875-FC01,3/6/2018,Jones,"525 Joycliff Court Macon, Georgia",31211,"Wells Fargo Bank, N.A.",8/22/2011,74535,,Auction.com,,,,,
07-1482-FC06,3/6/2018,Laurens,"1603 Lance Drive Dublin, Georgia",31021,"Mortgage Electronic Registration Systems, Inc. as nominee for Fremont Investment & Loan",3/17/2004,90000,,,,,,,
10-000098-FC09,3/6/2018,Laurens,"227 Cascade Circle Dublin, Georgia",31021,Sunshine Mortgage Corporation,6/20/1997,60792,,Auction.com,,,,,
17-068054-FC01,3/6/2018,Lee,"225 Hawkstead Drive Leesburg, Georgia",31763,"Mortgage Electronic Registration Systems, Inc. as nominee for West Town Savings Bank, its successors and assigns",6/15/2010,230346,,,,,,,
16-059078-FC02,3/6/2018,Liberty,"526 Forest Street Hinesville, Georgia",31313,"First Atlantic Mortgage, L.L.C. of Georgia",6/29/2009,164891,,Auction.com,,,,,
18-068179-FC01,3/6/2018,Liberty,"226 Cherokee Trail Hinesville, Georgia",31313,Navy Federal Credit Union,7/15/2013,178437,,,,,,,
16-056806-FC03,3/6/2018,Long,"Route 3 Box 60 Lee Place Road AKA 68 Worthington Drive NE Ludowici, Georgia",31316,"Mortgage Electronic Registration Systems, Inc. as nominee for Aegis Wholesale Corporation, its successors and assigns",6/30/2006,121493,,Auction.com,,,,,
17-065801-FC02,3/6/2018,Long,"244 Murray Crossing Boulevard NE Ludowici, Georgia",31316,"Mortgage Electronic Registration Systems, Inc., as nominee for Georgia Bank & Trust Company of Augusta, its successors and assigns",3/2/2012,167577,,,,,,,
14-045141-FC02,3/6/2018,Lowndes,"718 Lausanne Drive Valdosta, Georgia",31601,Lenders Associates Corporation,3/28/1997,33065,,Xome.com,,,,,
16-062950-FC03,3/6/2018,McDuffie,"3644 Larkin Road Dearing, Georgia",30808,"CitiFinancial Services, Inc.",8/23/2000,73860.32,,,,,,,
15-055738-FC01,3/6/2018,McDuffie,"508 Lee Drive Thomson, Georgia",30824,"Wells Fargo Bank, N.A.",1/18/2013,63822,,Auction.com,,,,,
17-067874-FC01,3/6/2018,Meriwether,"266 Gates Road Woodbury, Georgia",30293,"Mortgage Electronic Registration Systems, Inc. as nominee for American Equity Mortgage, Inc., its successors and assigns",10/19/2006,55800,,Auction.com,,,,,
16-058818-FC05,3/6/2018,Monroe,"450 Sunset Terrace Forsyth, Georgia",31029,"Mortgage Electronic Registration Systems, Inc. as nominee for Homestar Financial Corp., its successors and assigns",6/25/2014,114285,,Auction.com,,,,,
18-068132-FC01,3/6/2018,Monroe,"12404 GA Highway 74 Forsyth, Georgia",31029,"American General Financial Services, Inc. (DE)",9/26/2005,145000,,,,,,,
15-054985-FC03,3/6/2018,Muscogee,"6194 Joyner Drive Columbus, Georgia",31907,"Mortgage Electronic Registration Systems, Inc. as nominee for First Mutual Mortgage Corporation, its successors and assigns",11/26/2007,178386,,ServiceLink Auction,,,,,
12-037470-FC08,3/6/2018,Muscogee,"7389 Cedar Creek Loop Columbus, Georgia",31909,PHH Mortgage Services,3/22/2002,133860,,,,,,,
16-059826-FC05,3/6/2018,Muscogee,"3646 Stratford Drive Columbus, Georgia",31906,"Mortgage Electronic Registration Systems, Inc. as nominee for Countrywide Bank, FSB, its successors and assigns",3/25/2008,117866,,Auction.com,,,,,
15-055839-FC03,3/6/2018,Muscogee,"5621 Blueridge Drive Columbus, Georgia",31907,Thomaston Federal Savings Bank,2/4/1994,49855,,Auction.com,,,,,
16-062094-FC02,3/6/2018,Muscogee,"6734 Dorsey Drive Columbus, Georgia",31907,"Mortgage Electronic Registration Systems, Inc. as nominee for Colonial Bank, N.A., its successors and assigns",2/15/2008,93532,,Chronos Solutions,,,,,
18-068217-FC01,3/6/2018,Muscogee,"518 Valley Crest Court Columbus, Georgia",31907,Navy Federal Credit Union,9/22/2015,210987,,,,,,,
18-068255-FC01,3/6/2018,Muscogee,"5932 Ventura Drive Columbus, Georgia",31909,"Mortgage Electronic Registration Systems, Inc. as nominee for Silverton Mortgage Specialist, Inc.",10/31/2013,72000,,Auction.com,,,,,
17-065811-FC04,3/6/2018,Muscogee,"3534 Statler Drive Columbus, Georgia",31907,"Mortgage Electronic Registration Systems, Inc., as nominee for CMG Mortgage, Inc. DBA CMG Financial, its successors and assigns",3/26/2013,194500,,Auction.com,,,,,
17-066655-FC02,3/6/2018,Muscogee,"6241 Schomburg Road Columbus, Georgia",31909,"Secretary of Veterans Affairs, An Officer of the United States of America",9/16/2011,93005,,,,,,,
17-067854-FC01,3/6/2018,Newton,"255 Huntington Street Covington, Georgia",30016,"Mortgage Electronic Registration Systems, Inc., as nominee for Countrywide Home Loans, Inc., its successors and assigns",9/25/2001,147923,,Altisource,,,,,
17-066805-FC02,3/6/2018,Newton,"110 Landing Lane Covington, Georgia",30016,"Mortgage Electronic Registration Systems, Inc., as nominee for Community Capital bank, its successors and assigns",10/26/2010,111935,,Auction.com,,,,,
17-068029-FC01,3/6/2018,Newton,"100 Harvey Wood Drive Covington, Georgia",30016,Navy Federal Credit Union,8/5/2011,63500,,,,,,,
17-068039-FC01,3/6/2018,Newton,"90 Greenwood Circle Oxford, Georgia",30054,"Mortgage Electronic Registration Systems, Inc., as nominee for First Magnus Financial Corporation, its successors and assigns",5/18/2007,164125,,Xome.com,,,,,
18-068159-FC01,3/6/2018,Newton,"88 Crowell Road Porterdale, Georgia",30014,"Mortgage Electronic Registration Systems, Inc. as nominee for Quicken Loans Inc., its successors and assigns",12/12/2016,141391,,Auction.com,,,,,
16-060366-FC04,3/6/2018,Newton,"50 Blue Grass Way Oxford, Georgia",30054,"Mortgage Electronic Registration Systems, Inc. as nominee for Real Estate Mortgage Network, Inc., its successors and assigns",2/3/2009,180162,,,,,,,
16-056771-FC02,3/6/2018,Oconee,"3900 Greensboro Highway Watkinsville, Georgia",30677,"Mortgage Electronic Registration Systems, Inc. as nominee for Homestar Financial Corp., its successors and assigns",11/17/2008,161550,,Auction.com,,,,,
17-068068-FC01,3/6/2018,Paulding,"236 Fairview Drive Dallas, Georgia",30157,"Mortgage Electronic Registration Systems, Inc., as nominee for Homestar Financial Corp., its successors and assigns",7/25/2012,56122,,Chronos Solutions,,,,,
17-067942-FC01,3/6/2018,Paulding,"12 Misty Ridge Drive Hiram, Georgia",30141,"Mortgage Electronic Registration Systems, Inc., as nominee for Nationstar Mortgage LLC, DBA Greenlight Loans, its successors and assigns",2/9/2015,116211,,ServiceLink Auction,,,,,
17-067915-FC01,3/6/2018,Paulding,"216 Mill Lane Dallas, Georgia",30157,"Mortgage Electronic Registration Systems, Inc., as nominee for Bank of America, N.A., its successors and assigns",7/13/2012,117909,,,,,,,
17-068004-FC01,3/6/2018,Paulding,"473 Baywood Way Hiram, Georgia",30141,"Mortgage Electronic Registration Systems, Inc., as nominee for Pine State Mortgage Corporation, its successors and assigns",9/27/2007,178212,,Auction.com,,,,,
17-068013-FC01,3/6/2018,Paulding,"70 Fairview Glen Dallas, Georgia",30157,"Mortgage Electronic Registration Systems, Inc., as nominee for First Georgia Home Mortgage, Inc. DBA 1st Georgia Home Mortgage, its successors and assigns",8/11/2014,80612,,Xome.com,,,,,
17-064420-FC02,3/6/2018,Paulding,"152 Frances Drive Dallas, Georgia",30157,"Mortgage Electronic Registration Systems, Inc., as nominee for WR Starkey Mortgage, L.L.P., its successors and assigns",10/10/2014,116844,,Auction.com,,,,,
17-067368-FC01,3/6/2018,Paulding,"63 Valleyside Drive Dallas, Georgia",30157,"Mortgage Electronic Registration Systems, Inc., as nominee for AmericaHomeKey, Inc., its successors and assigns",3/19/2010,173794,,ServiceLink Auction,,,,,
16-060605-FC03,3/6/2018,Paulding,"122 Ivy Grove Way Dallas, Georgia",30132,HomeBanc Mortgage Corporation,12/20/2002,155300,,Auction.com,,,,,
17-066534-FC02,3/6/2018,Peach,"707 Murray Road Fort Valley, Georgia",31030,"Secretary of Veterans Affairs, an Officer of the United States of America",6/19/1995,27850,,,,,,,
18-068206-FC01,3/6/2018,Peach,"113 Christopher Drive Byron, Georgia",31008,"Mortgage Electronic Registration Systems, Inc., as nominee for Countrywide Bank, FSB., its successors and assigns",11/13/2007,167806,,,,,,,
16-061303-FC02,3/6/2018,Rabun,"Route 1 Boggs Mountain Road Tiger, Georgia",30576,Countrywide Funding Corporation,2/28/1996,49968,,,,,,,
12-032266-FC06,3/6/2018,Richmond,"3938 Mike Padgett Hwy Augusta, Georgia",30906,"First Choice Mortgage, Inc.",4/4/1997,86750,,Auction.com,,,,,
06-4459-FC10,3/6/2018,Richmond,"923 Barnes St. Augusta, Georgia",30901,"Professional Lending, LLC",10/21/2003,79662,,,,,,,
15-052961-FC02,3/6/2018,Richmond,"2410 Planetree Drive Augusta, Georgia",30909-8406,"Mortgage Electronic Registration Systems, Inc. as nominee for Bank of America, N.A. and its successors and assigns",8/23/2012,148676,,,,,,,
15-050465-FC06,3/6/2018,Richmond,"1520 Sandstone Lane Hephzibah, Georgia",30815,First Horizon Home Loan Corporation,5/22/2002,97765,,Auction.com,,,,,
15-051135-FC02,3/6/2018,Richmond,"2717 Margaret Court Augusta, Georgia",30906,"Mortgage Electronic Registration Systems, Inc. as nominee for Professional Lending LLC, its successors and assigns",11/18/2004,50212,,ServiceLink Auction,,,,,
16-062990-FC02,3/6/2018,Richmond,"2223 Norman Street Augusta, Georgia",30904,"Mortgage Electronic Registration Systems, Inc. as nominee for Quicken Loans Inc., its successors and assigns",7/1/2015,90275,,,,,,,
15-055936-FC03,3/6/2018,Richmond,"3512 Kindling Drive Augusta, Georgia",30906,"Mortgage Electronic Registration Systems, Inc. as nominee for Fremont Investment and Loan, its successors and assigns",7/27/2006,52500,,,,,,,
16-056726-FC04,3/6/2018,Richmond,"2905 Shelby Drive Augusta, Georgia",30906,Wachovia Mortgage Corporation,1/30/2008,66350,,,,,,,
16-059874-FC01,3/6/2018,Richmond,"3004 Mabus Drive Augusta, Georgia",30909-9443,"Mortgage Electronic Registration Systems, Inc. as nominee for Regions Bank d/b/a Regions Mortgage, its successors and assigns",5/27/2010,111004,,Auction.com,,,,,
16-059906-FC02,3/6/2018,Richmond,"3512 Monte Carlo Drive Augusta, Georgia",30906,"American General Financial Services, Inc.",3/13/2007,121960.55,,,,,,,
17-066645-FC02,3/6/2018,Richmond,"219 LongMeadow Lane Hephzibah, Georgia",30815,"Mortgage Electronic Registration Systems, Inc. as nominee for Carrington Mortgage Services, LLC, its successors and assigns",12/15/2015,63822,,Auction.com,,,,,
17-066350-FC02,3/6/2018,Richmond,"3557 Crawfordville Drive Augusta, Georgia",30909,"Mortgage Electronic Registration Systems, Inc. as nominee for Premium Capital Funding, LLC D/B/A Topdot Mortgage, A New York Limited Liability Company, its successors and assigns",7/9/2008,122459,,Auction.com,,,,,
17-064716-FC02,3/6/2018,Richmond,"1846 S Barton Drive Augusta, Georgia",30906,"Mortgage Electronic Registration Systems, Inc., as nominee for Taylor, Bean and Whitaker Mortgage Corp., its successors and assigns",5/15/2009,94162,,Xome.com,,,,,
17-065018-FC03,3/6/2018,Richmond,"1415 Jackson Road Augusta, Georgia",30909,"Mortgage Electronic Registration Systems, Inc., as nominee for Georgia Bank and Trust Company of Augusta, its successors and assigns",2/10/2012,71402,,,,,,,
17-067981-FC01,3/6/2018,Richmond,"151 Blackberry Lane Augusta, Georgia",30906,"Mortgage Electronic Registration Systems, Inc., as nominee for Federal Guaranty Mortgage Co., its successors and assigns",5/9/2006,86275,,Auction.com,,,,,
17-068034-FC01,3/6/2018,Richmond,"1913 Rock Springs Drive Augusta, Georgia",30909,"JPMorgan Chase Bank, N.A.",11/21/2013,72840,,Auction.com,,,,,
17-067876-FC01,3/6/2018,Rockdale,"3869 Pointers Way SW Conyers, Georgia",30094,"Bank of America, N.A.",8/20/2004,137837,,Auction.com,,,,,
16-057270-FC04,3/6/2018,Rockdale,"2558 Lennox Road Conyers, Georgia",30094,"Mortgage Electronic Registration Systems, Inc. as nominee for Georgetown Mortgage, its successors and assigns",8/8/2005,218284,,Auction.com,,,,,
15-054232-FC02,3/6/2018,Rockdale,"2054 Reflection Creek Drive Conyers, Georgia",30013,"Mortgage Electronic Registration Systems, Inc. as nominee for Academy Mortgage Corporation",5/31/2013,226905,,Auction.com,,,,,
17-065782-FC02,3/6/2018,Schley,"87 E College Street Ellaville, Georgia",31806,"World Savings Bank, FSB",4/9/2007,80000,,,,,,,
16-061305-FC01,3/6/2018,Spalding,"1631 Hallmark Hills Drive Griffin, Georgia",30223,"Bank of America, N.A.",4/30/2008,76794,,Auction.com,,,,,
17-066757-FC02,3/6/2018,Spalding,"908 Manley Road Griffin, Georgia",30223,"Mortgage Electronic Registration Systems, Inc. as nominee for Quicken Loans Inc., its successors and assigns",2/26/2010,102436,,Auction.com,,,,,
16-062339-FC03,3/6/2018,Tattnall,"417 Auburn Road Glennville, Georgia",30427,"Mortgage Electronic Registration Systems, Inc., as nominee for Fairfield Financial Services, Inc., its successors and assigns",9/27/2006,173159,,Auction.com,,,,,
17-067727-FC01,3/6/2018,Tattnall,"169 S and J Circle Glennville, Georgia",30427,"Mortgage Electronic Registration Systems, Inc., as nominee for S Bank, its successors and assigns",3/25/2014,201409,,,,,,,
17-068041-FC01,3/6/2018,Thomas,"318 Timber Ridge Drive Thomasville, Georgia",31757,"Mortgage Electronic Registration Systems, Inc., as nominee for Synovus Mortgage Corp., its successors and assigns",4/7/2009,119790,,Altisource,,,,,
15-055664-FC02,3/6/2018,Thomas,"2060 N. Peachtree Street Coolidge, Georgia",31738,"Mortgage Electronic Registration Systems, Inc. as nominee for Allied Home Mortgage Capital Corporation, its successors and assigns",1/30/2009,34050,,Auction.com,,,,,
16-058948-FC03,3/6/2018,Troup,"127 Brittney Lane LaGrange, Georgia",30240,"Mortgage Electronic Registration Systems, Inc. as a nominee for Nations Lending Corp., its successors and assigns",10/19/2012,172841,,Auction.com,,,,,
17-067790-FC01,3/6/2018,Turner,"215 Hudson Avenue Ashburn, Georgia",31714,"Mortgage Electronic Registration Systems, Inc., as nominee for Taylor, Bean & Whitaker Mortgage Corp., its successors and assigns",5/6/2009,71225,,Auction.com,,,,,
18-068299-FC01,3/6/2018,Twiggs,"106 Park Street Jeffersonville, Georgia",31044,"Mortgage Electronic Registration Systems, Inc., as nominee for Taylor, Bean & Whitaker Mortgage Corp., its successors and assigns",2/11/2008,70035,,Auction.com,,,,,
18-068333-FC01,3/6/2018,Walker,"292 W Reed Road La Fayette, Georgia",30728,"Wells Fargo Bank, N.A.",5/6/2011,68225,,Auction.com,,,,,
17-063914-FC03,3/6/2018,Walton,"4174 Logans Bluff Loganville, Georgia",30052,Associated Credit Union,6/18/2010,80500,,,,,,,
17-067823-FC01,3/6/2018,Ware,"2303 Walnut Lane Waycross, Georgia",31501,"Mortgage Electronic Registration Systems, Inc. as nominee for First Bank Mortgage A Division of First Bank of Georgia, its successors and assigns",3/18/2009,111925,,Auction.com,,,,,
17-067925-FC01,3/6/2018,Ware,"4115 Gloria Avenue Waycross, Georgia",31503,"Bank of America, N.A.",3/12/2007,103022,,Auction.com,,,,,
17-067804-FC01,3/6/2018,Washington,"17 Silver Leaf Drive Tennille, Georgia",31089,"Mortgage Electronic Registration Systems, Inc., as nominee for Home America Mortgage, Inc., its successors and assigns",4/3/2008,88228,,ServiceLink Auction,,,,,
17-067951-FC01,3/6/2018,White,"397 Dixon Drive Cleveland, Georgia",30528,"Mortgage Electronic Registration Systems, Inc. as nominee for SCBT",5/1/2013,82653,,Auction.com,,,,,
17-067970-FC01,3/6/2018,Whitfield,"2917 Underwood Road NE Dalton, Georgia",30721,"Wells Fargo Bank, N.A.",9/6/2007,40000,,,,,,,
15-056084-FC02,3/6/2018,Whitfield,"1427 Sienna Drive Dalton, Georgia",30721,"Mortgage Electronic Registration Systems, Inc. as nominee for First Choice Funding Inc.",2/7/2008,125352,,Auction.com,,,,,
17-066292-FC01,3/6/2018,Wilcox,"Route 2 Box 790 Abbeville, Georgia",31001,HomeAmerican Credit Inc. DBA Upland Mtg,1/22/2001,42500,,,,,,,
12-037868-FC07,3/6/2018,Wilkes,"609 Lexington Avenue Washington, Georgia",30673,"Mortgage Electronic Registration Systems, Inc. as nominee for AHM Mortgage",4/28/2006,108300,,Auction.com,,,,,
