6/6/2017,1193 Gallahad Ctÿ,Clayton,GA
,Riverdale GA 30296,,
,,,
6/6/2017,473 Madeline Rose Courtÿ,Clayton,GA
,Fayetteville GA 30215,,
,,,
6/6/2017,1754 Broad River Roadÿ,Clayton,GA
,College Park GA 30349,,
,,,
6/6/2017,6435 Oakleaf Wayÿ,Clayton,GA
,Morrow GA 30260,,
,,,
6/6/2017,1209 Kenyon Roadÿ,Clayton,GA
,Lake City GA 30260,,
,,,
6/6/2017,1410 Willow Driveÿ,Clayton,GA
,Riverdale GA 30296,,
,,,
7/5/2017,7693 Bernardo Driveÿ,Clayton,GA
,Riverdale GA 30296,,
,,,
6/6/2017,3113 Pier Oneÿ,Clayton,GA
,Jonesboro GA 30236,,
,,,
6/6/2017,3707 Upton Courtÿ,Clayton,GA
,Ellenwood GA 30294,,
,,,
6/6/2017,5831 Mistyview Driveÿ,Clayton,GA
,Rex GA 30273,,
,,,
6/6/2017,157 Woodwind Wayÿ,Clayton,GA
,Jonesboro GA 30238,,
,,,
6/6/2017,5133 Old Grant Roadÿ,Clayton,GA
,Ellenwood GA 30294,,
,,,
6/6/2017,6365 Ellenwood Driveÿ,Clayton,GA
,Rex GA 30273,,
,,,
6/6/2017,3886 Brookgate Driveÿ,Clayton,GA
,Ellenwood GA 30294,,
,,,
6/6/2017,8099 Mustang Laneÿ,Clayton,GA
,Riverdale GA 30274,,
,,,
6/6/2017,1464 Patricia Driveÿ,Clayton,GA
,Morrow GA 30260,,
,,,
6/6/2017,2399 Brookgate Wayÿ,Clayton,GA
,Ellenwood GA 30294,,
,,,
6/6/2017,8750 Ansley Wayÿ,Clayton,GA
,Jonesboro GA 30238,,
,,,
6/6/2017,1260 Iron Gate Boulevardÿ,Clayton,GA
,Jonesboro GA 30238,,
,,,
6/6/2017,234 Dornoch Courtÿ,Clayton,GA
,Fayetteville GA 30215,,
,,,
6/6/2017,5342 Creekview Laneÿ,Clayton,GA
,Morrow GA 30260,,
,,,
6/6/2017,5843 Creekside Driveÿ,Clayton,GA
,Rex GA 30273,,
,,,
6/6/2017,4752 Manse Driveÿ,Clayton,GA
,Forest Park GA 30297,,
,,,
6/6/2017,3544 Stagecoach Passÿ,Clayton,GA
,Ellenwood GA 30294,,
,,,
6/6/2017,9273 Willow Tree Courtÿ,Clayton,GA
,Jonesboro GA 30238,,
,,,
6/6/2017,518 Shadowmoore Drÿ,Clayton,GA
,Riverdale GA 30274,,
,,,
6/6/2017,9238 Grady Driveÿ,Clayton,GA
,Jonesboro GA 30238,,