52612903,10/3/2017,3919 Bluffton Court ,DeKalb,GA,
,,Decatur GA 30035,,,
,,,,,
5281817,10/3/2017,578 Arbor Ridge Drive ,DeKalb,GA,Auction.com
,,Stone Mountain GA 30087,,,
,,,,,
5483216,10/3/2017,3146 Wakefield Drive ,DeKalb,GA,
,,Decatur GA 30034,,,
,,,,,
5965512,10/3/2017,4112 Stutz Court ,DeKalb,GA,Auction.com
,,Tucker GA 30084,,,
,,,,,
5285117,10/3/2017,527 Winley Drive ,DeKalb,GA,
,,Stone Mountain GA 30083,,,
,,,,,
559517,10/3/2017,2918 Secretariat Court ,DeKalb,GA,Auction.com
,,Decatur GA 30034,,,
,,,,,
5633814,10/3/2017,1153 Winston Drive ,DeKalb,GA,Auction.com
,,Decatur GA 30032,,,
,,,,,
5169316,10/3/2017,1862 Don Juan Lane ,DeKalb,GA,
,,Decatur GA 30032,,,
,,,,,
5264917,10/3/2017,3538 Knollview Ct ,DeKalb,GA,
,,Decatur GA 30034,,,
,,,,,
5252717,10/3/2017,5658 Strathmoor Manor Circle ,DeKalb,GA,
,,Lithonia GA 30058,,,
,,,,,
578317,10/3/2017,1144 Wehunt Court ,DeKalb,GA,
,,Lithonia GA 30058,,,
,,,,,
5248517,10/3/2017,7594 Poplar Falls Street ,DeKalb,GA,Auction.com
,,Lithonia GA 30058,,,
,,,,,
5388912,10/3/2017,3901 Emerald North Drive ,DeKalb,GA,
,,Decatur GA 30035,,,
,,,,,
51393309,10/3/2017,3286 Arnhem Court ,DeKalb,GA,Auction.com
,,Lithonia GA 30038,,,
,,,,,
5476116,10/3/2017,4582 Huntsman BND ,DeKalb,GA,Auction.com
,,Decatur GA 30034,,,
,,,,,
5249717,10/3/2017,4247 Wesley Hall Lane ,DeKalb,GA,Auction.com
,,Decatur GA 30035,,,
,,,,,
5245117,10/3/2017,5494 Woodsong Trace ,DeKalb,GA,Auction.com
,,Stone Mountain GA 30087,,,
,,,,,
5315516,10/3/2017,302 Harbor Pnt Drive ,DeKalb,GA,Auction.com
,,Stone Mountain GA 30087,,,
,,,,,
53266610,10/3/2017,3007 Orbit Circle ,DeKalb,GA,
,,Ellenwood GA 30294,,,
,,,,,
5155915,10/3/2017,987 Brigade Street ,DeKalb,GA,Auction.com
,,Stone Mountain GA 30087,,,
,,,,,
5462516,10/3/2017,4182 Autumn Hill Dr ,DeKalb,GA,Auction.com
,,Stone Mountain GA 30083,,,
,,,,,
5532311,10/3/2017,4276 Abram Drive ,DeKalb,GA,Auction.com
,,Conley GA 30288,,,
,,,,,
5231217,10/3/2017,1824 Herringbone Hollow ,DeKalb,GA,Auction.com
,,Lithonia GA 30058,,,
,,,,,
51022610,10/3/2017,699 Tarkington Road ,DeKalb,GA,Auction.com
,,Stone Mountain GA 30088,,,
,,,,,
5304812,10/3/2017,3075 Oakvale Heights ,DeKalb,GA,
,,Decatur GA 30034,,,
,,,,,
5374615,10/3/2017,1317 Sandy Brook Court ,DeKalb,GA,Auction.com
,,Lithonia GA 30058,,,
,,,,,
520115,10/3/2017,3471 Leyanne Court ,DeKalb,GA,
,,Decatur GA 30034,,,
,,,,,
523017,10/3/2017,2849 Knollberry Ln ,DeKalb,GA,
,,Decatur GA 30034,,,
,,,,,
5185317,10/3/2017,3256 Rockport Dr ,DeKalb,GA,Auction.com
,,Lithonia GA 30038,,,
,,,,,
5403815,10/3/2017,7443 Woodruff Way ,DeKalb,GA,Auction.com
,,Stone Mountain GA 30087,,,
,,,,,
5102817,10/3/2017,2288 Amor Court ,DeKalb,GA,
,,Ellenwood GA 30294,,,
,,,,,
5495815,10/3/2017,7307 Wood Hollow Way ,DeKalb,GA,Auction.com
,,Stone Mountain GA 30087,,,
,,,,,
590417,10/3/2017,451 Rue De Chateau ,DeKalb,GA,Auction.com
,,Stone Mountain GA 30083,,,
,,,,,
5241017,10/3/2017,4700 Mayer Trace ,DeKalb,GA,Auction.com
,,Ellenwood GA 30294,,,
,,,,,
5205417,10/3/2017,4192 Pelham Circle ,DeKalb,GA,
,,Lithonia GA 30038,,,
,,,,,
5431298,10/3/2017,531 Chicken Lyle Road ,Barrow,GA,Auction.com
,,Winder GA 30680,,,
,,,,,
544117,10/3/2017,2014 Kirkland Circle ,Barrow,GA,
,,Statham GA 30666,,,
,,,,,
5274817,10/3/2017,91 Cypress Place ,Barrow,GA,Auction.com
,,Winder GA 30680,,,
,,,,,
517017,10/3/2017,568 Kristin Lane ,Barrow,GA,
,,Winder GA 30680,,,
,,,,,
5263717,10/3/2017,804 Zimmerman St ,Berrien,GA,
,,Nashville GA 31639,,,
,,,,,
5246017,10/3/2017,207 Laurel Lane ,Bibb,GA,Auction.com
,,Lizella GA 31052,,,
,,,,,
5266417,10/3/2017,2401 Crepe Myrtle Drive East ,Bulloch,GA,Auction.com
,,Statesboro GA 30461,,,
,,,,,
5251515,10/3/2017,332 Simons Rd ,Bulloch,GA,
,,Statesboro GA 30458,,,
,,,,,
5235817,10/3/2017,368 Allison Lane ,Bulloch,GA,Auction.com
,,Statesboro GA 30458,,,
,,,,,
5112917,10/3/2017,144 Shell Bluff Landing Rd. ,Burke,GA,Auction.com
,,Waynesboro GA 30830,,,
,,,,,
5231402,10/3/2017,139 Lakeview Road ,Butts,GA,Auction.com
,,Jackson GA 30233,,,
,,,,,
5585514,10/3/2017,76 Julian Place ,Camden,GA,Auction.com
,,St Marys GA 31558,,,
,,,,,
5403415,10/3/2017,404 Cherry Point Court ,Camden,GA,
,,Saint Marys GA 31558,,,
,,,,,
5100517,10/3/2017,908 Larkspur Lane ,Camden,GA,
,,Saint Marys GA 31558,,,
,,,,,
593717,10/3/2017,58 Bent Tree Dr ,Catoosa,GA,Auction.com
,,Ringgold GA 30736,,,
,,,,,
5287117,10/3/2017,677 Palmhurst Dr ,Charlton,GA,Auction.com
,,Folkston GA 31537,,,
,,,,,
52528310,10/3/2017,209 North Railroad Avenue ,Charlton,GA,
,,Folkston GA 31537,,,
,,,,,
5191617,10/3/2017,1709 Grove St ,Chatham,GA,
,,Savannah GA 31401,,,
,,,,,
52183810,10/3/2017,1911 Archer St ,Chatham,GA,Auction.com
,,Savannah GA 31405,,,
,,,,,
51149010,10/3/2017,110 Raindance Road ,Chatham,GA,
,,Pooler GA 31322-9312,,,
,,,,,
5275617,10/3/2017,104 Berwick Lakes Blvd ,Chatham,GA,
,,Pooler GA 31322,,,
,,,,,
52467407,10/3/2017,3 Brandle Cove ,Chatham,GA,Auction.com
,,Savannah GA 31405,,,
,,,,,
524617,10/3/2017,105 Rivermarsh Dr ,Chatham,GA,Auction.com
,,Savannah GA 31419,,,
,,,,,
5413716,10/3/2017,628 Northbrook Road ,Chatham,GA,
,,Savannah GA 31419,,,
,,,,,
5136815,10/3/2017,135 Backshell Road ,Chatham,GA,
,,Savannah GA 31404,,,
,,,,,
5153917,10/3/2017,1908 Tuskegee St ,Chatham,GA,
,,Savannah GA 31405,,,
,,,,,
5244717,10/3/2017,1772 Oak Hill Alpine Rd ,Chattooga,GA,Auction.com
,,Summerville GA 30747,,,
,,,,,
5261517,10/3/2017,6350 Valley Dale Dr ,Clayton,GA,
,,Riverdale GA 30274,,,
,,,,,
555917,10/3/2017,873 White Oak Drive ,Clayton,GA,Auction.com
,,Forest Park GA 30297,,,
,,,,,
5273116,10/3/2017,6435 Oakleaf Way ,Clayton,GA,
,,Morrow GA 30260,,,
,,,,,
5285817,10/3/2017,2521 South Haven Drive ,Clayton,GA,Auction.com
,,Ellenwood GA 30294,,,
,,,,,
5338416,10/3/2017,7773 Hana Court ,Clayton,GA,
,,Jonesboro GA 30236,,,
,,,,,
5501416,10/3/2017,6724 Gano Drive ,Clayton,GA,
,,Riverdale GA 30274,,,
,,,,,
54417,10/3/2017,6745 Oakleigh Court ,Clayton,GA,Auction.com
,,Rex GA 30273,,,
,,,,,
5272016,10/3/2017,1611 Willow Wood Trace ,Clayton,GA,Auction.com
,,College Park GA 30349,,,
,,,,,
5122417,10/3/2017,157 Woodwind Way ,Clayton,GA,Auction.com
,,Jonesboro GA 30238,,,
,,,,,
5255917,10/3/2017,1296 Hollenbeck Lane ,Clayton,GA,
,,Riverdale GA 30296,,,
,,,,,
5241517,10/3/2017,3799 Big Horn Court ,Clayton,GA,Auction.com
,,Rex GA 30273,,,
,,,,,
5230717,10/3/2017,902 Morrow Rd ,Clayton,GA,Auction.com
,,Forest Park GA 30297,,,
,,,,,
5228617,10/3/2017,2413 Brianna Drive ,Clayton,GA,Auction.com
,,Hampton GA 30228,,,
,,,,,
5436714,10/3/2017,669 Marsh Court ,Clayton,GA,
,,Jonesboro GA 30238,,,
,,,,,
5741414,10/3/2017,6101 Crooked Creek Dr ,Clayton,GA,Auction.com
,,Rex GA 30273,,,
,,,,,
5629514,10/3/2017,6933 Creekford Lane ,Clayton,GA,Auction.com
,,Rex GA 30273,,,
,,,,,
5199917,10/3/2017,5341 Sharon St ,Clayton,GA,Auction.com
,,Forest Park GA 30297,,,
,,,,,
599217,10/3/2017,7637 Commerce Court ,Clayton,GA,
,,Riverdale GA 30296,,,
,,,,,
589517,10/3/2017,12300 Edgewater Drive ,Clayton,GA,Auction.com
,,Hampton GA 30228,,,
,,,,,
5689013,10/3/2017,712 3rd Street Southeast ,Colquitt,GA,Auction.com
,,Moultrie GA 31768,,,
,,,,,
52066309,10/3/2017,206 Tree Farm Road ,Colquitt,GA,
,,Moultrie GA 31768,,,
,,,,,
5335615,10/3/2017,213 Mark Ln ,Colquitt,GA,
,,Moultrie GA 31788,,,
,,,,,
51619608,10/3/2017,627 Dennis Drive ,Columbia,GA,Auction.com
,,Augusta GA 30907,,,
,,,,,
552415,10/3/2017,4371 Marshall Way ,Columbia,GA,
,,Evans GA 30809,,,
,,,,,
5457516,10/3/2017,1215 Overlook Circle ,Columbia,GA,
,,Grovetown GA 30813,,,
,,,,,
5416715,10/3/2017,1979 Sylvan Lake Dr ,Columbia,GA,
,,Grovetown GA 30813,,,
,,,,,
5101317,10/3/2017,219 Foxdale Drive ,Columbia,GA,Auction.com
,,Evans GA 30809,,,
,,,,,
5512615,10/3/2017,980 Arbor Springs Circle ,Columbia,GA,
,,Grovetown GA 30813,,,
,,,,,
5368815,10/3/2017,208 E Second Street ,Cook,GA,Auction.com
,,Adel GA 31620,,,
,,,,,
5774604,10/3/2017,143 Timberland Trail ,Coweta,GA,Auction.com
,,Newnan GA 30263,,,
,,,,,
5323400,10/3/2017,445 Casey Road ,Dade,GA,Auction.com
,,Trenton GA 30752,,,
,,,,,
5268617,10/3/2017,2290 Old Lower River Rd ,Douglas,GA,Auction.com
,,Douglasville GA 30135,,,
,,,,,
5182016,10/3/2017,1705 Clearstone Drive ,Douglas,GA,Auction.com
,,Lithia Springs GA 30122,,,
,,,,,
5278017,10/3/2017,3330 Oriole Drive ,Douglas,GA,Auction.com
,,Douglasville GA 30135,,,
,,,,,
5589814,10/3/2017,7027 Branch Crossing Way ,Douglas,GA,Auction.com
,,Douglasville GA 30134,,,
,,,,,
5653409,10/3/2017,7370 Walton Way ,Douglas,GA,
,,Douglasville GA 30135,,,
,,,,,
5217817,10/3/2017,3190 Anneewakee Fall ,Douglas,GA,Auction.com
,,Douglasville GA 30135,,,
,,,,,
5221317,10/3/2017,6200 Cherry Lane ,Douglas,GA,Auction.com
,,Douglasville GA 30134,,,
,,,,,
5262514,10/3/2017,8332 Ramblin Court ,Douglas,GA,Auction.com
,,Douglasville GA 30134,,,
,,,,,
5109616,10/3/2017,1734 Brumby Circle ,Douglas,GA,
,,Lithia Springs GA 30122,,,
,,,,,
5266717,10/3/2017,303 Ashley Lane ,Effingham,GA,Auction.com
,,Guyton GA 31312,,,
,,,,,
5205317,10/3/2017,108 Amelia Court ,Effingham,GA,
,,Guyton GA 31312,,,
,,,,,
5215717,10/3/2017,214 Westwood Dr ,Effingham,GA,
,,Rincon GA 31326,,,
,,,,,
5137916,10/3/2017,100 Joana Drive ,Fayette,GA,Auction.com
,,Fayetteville GA 30214,,,
,,,,,
51736206,10/3/2017,100 Bramlet Ct ,Fayette,GA,
,,Senoia GA 30276,,,
,,,,,
5286917,10/3/2017,233 Smokerise Trace ,Fayette,GA,
,,Peachtree City GA 30269,,,
,,,,,
5234217,10/3/2017,425 Emerald Lake Drive ,Fayette,GA,
,,Fayetteville GA 30215,,,
,,,,,
52516406,10/3/2017,110 Clydesdale Ct ,Fayette,GA,
,,Tyrone GA 30290,,,
,,,,,
5285417,10/3/2017,2821 Maple Rd ,Floyd,GA,
,,Rome GA 30161,,,
,,,,,
5732614,10/3/2017,220 Longmeadow Drive ,Floyd,GA,
,,Rome GA 30165,,,
,,,,,
517517,10/3/2017,40 Frances Drive ,Floyd,GA,Auction.com
,,Rome GA 30165,,,
,,,,,
51492107,10/3/2017,123 Robinhood Road NE ,Floyd,GA,Auction.com
,,Rome GA 30161,,,
,,,,,
5279317,10/3/2017,4015 Alton Ave ,Forsyth,GA,Auction.com
,,Cumming GA 30041,,,
,,,,,
567817,10/3/2017,7850 Brands Hatch Blvd ,Forsyth,GA,
,,Cumming GA 30040,,,
,,,,,
5236817,10/3/2017,3815 Branch Bluff Lane ,Forsyth,GA,Auction.com
,,Cumming GA 30040,,,
,,,,,
5288317,10/3/2017,4265 Hopewell Manor Dr ,Forsyth,GA,
,,Cumming GA 30028,,,
,,,,,
530009,10/3/2017,3540 Caney Creek Lane ,Forsyth,GA,
,,Cumming GA 30041,,,
,,,,,
563317,10/3/2017,1615 Gordon Road ,Forsyth,GA,
,,Cumming GA 30040,,,
,,,,,
5146017,10/3/2017,7805 Wilkinson Drive ,Forsyth,GA,
,,Gainesville GA 30506,,,
,,,,,
5177717,10/3/2017,1730 Marcia Overlook Drive ,Forsyth,GA,
,,Cumming GA 30041,,,
,,,,,
5158415,10/3/2017,4175 Etcetera Lane ,Forsyth,GA,
,,Cumming GA 30041,,,
,,,,,
5137916,10/3/2017,100 Joana Drive ,Fayette,GA,Auction.com
,,Fayetteville GA 30214,,,
,,,,,
51736206,10/3/2017,100 Bramlet Ct ,Fayette,GA,
,,Senoia GA 30276,,,
,,,,,
5286917,10/3/2017,233 Smokerise Trace ,Fayette,GA,
,,Peachtree City GA 30269,,,
,,,,,
5234217,10/3/2017,425 Emerald Lake Drive ,Fayette,GA,
,,Fayetteville GA 30215,,,
,,,,,
52516406,10/3/2017,110 Clydesdale Ct ,Fayette,GA,
,,Tyrone GA 30290,,,
,,,,,
5285417,10/3/2017,2821 Maple Rd ,Floyd,GA,
,,Rome GA 30161,,,
,,,,,
5732614,10/3/2017,220 Longmeadow Drive ,Floyd,GA,
,,Rome GA 30165,,,
,,,,,
517517,10/3/2017,40 Frances Drive ,Floyd,GA,Auction.com
,,Rome GA 30165,,,
,,,,,
51492107,10/3/2017,123 Robinhood Road NE ,Floyd,GA,Auction.com
,,Rome GA 30161,,,
,,,,,
5279317,10/3/2017,4015 Alton Ave ,Forsyth,GA,Auction.com
,,Cumming GA 30041,,,
,,,,,
567817,10/3/2017,7850 Brands Hatch Blvd ,Forsyth,GA,
,,Cumming GA 30040,,,
,,,,,
5236817,10/3/2017,3815 Branch Bluff Lane ,Forsyth,GA,Auction.com
,,Cumming GA 30040,,,
,,,,,
5288317,10/3/2017,4265 Hopewell Manor Dr ,Forsyth,GA,
,,Cumming GA 30028,,,
,,,,,
530009,10/3/2017,3540 Caney Creek Lane ,Forsyth,GA,
,,Cumming GA 30041,,,
,,,,,
563317,10/3/2017,1615 Gordon Road ,Forsyth,GA,Auction.com
,,Cumming GA 30040,,,
,,,,,
5146017,10/3/2017,7805 Wilkinson Drive ,Forsyth,GA,Auction.com
,,Gainesville GA 30506,,,
,,,,,
5177717,10/3/2017,1730 Marcia Overlook Drive ,Forsyth,GA,Auction.com
,,Cumming GA 30041,,,
,,,,,
5158415,10/3/2017,4175 Etcetera Lane ,Forsyth,GA,Auction.com
,,Cumming GA 30041,,,
,,,,,
2013-GA161,9/3/2013,2972 Henry Walker Court ,Fulton,GA,"$10,535.80 "
,,East Point GA 30344,,,
,,,,,
52189403,10/3/2017,5134 Cotter Drive ,Fulton,GA,
,,Union City GA 30291,,,
,,,,,
5270417,10/3/2017,3050 Dawson Lane SW ,Fulton,GA,Auction.com
,,Atlanta GA 30331,,,
,,,,,
5482616,10/3/2017,5561 Big Boat Drive SW ,Fulton,GA,Auction.com
,,Atlanta GA 30331,,,
,,,,,
561714,10/3/2017,203 Barrington Hills Drive ,Fulton,GA,Auction.com
,,Atlanta GA 30350,,,
,,,,,
561307,10/3/2017,11122 Peachcove Court ,Fulton,GA,
,,Suwanee GA 30024,,,
,,,,,
5287317,10/3/2017,2635 Delowe Dr ,Fulton,GA,
,,East Point GA 30344,,,
,,,,,
514215,10/3/2017,2696 Ben Hill Rd ,Fulton,GA,Auction.com
,,East Point GA 30344,,,
,,,,,
5269317,10/3/2017,3307 Summer Brooke Lane ,Fulton,GA,Auction.com
,,Union City GA 30291,,,
,,,,,
5266117,10/3/2017,128 McDonough Boulevard ,Fulton,GA,
,,Atlanta GA 30315,,,
,,,,,
5267417,10/3/2017,2285 Tiger Flowers Drive NW ,Fulton,GA,
,,Atlanta GA 30314,,,
,,,,,
5146517,10/3/2017,7490 Volion Parkway ,Fulton,GA,Auction.com
,,Fairburn GA 30213,,,
,,,,,
5124617,10/3/2017,4863 Wolfcreek View ,Fulton,GA,Auction.com
,,College Park GA 30349,,,
,,,,,
5850708,10/3/2017,6717 Delaware Bend ,Fulton,GA,
,,Fairburn GA 30213,,,
,,,,,
5424216,10/3/2017,385 Saddlebrook Drive ,Fulton,GA,Auction.com
,,Roswell GA 30075,,,
,,,,,
5910306,10/3/2017,11695 Red Maple Forest Dr. ,Fulton,GA,Auction.com
,,Alpharetta GA 30005,,,
,,,,,
5485216,10/3/2017,1341 Bryan Avenue ,Fulton,GA,Auction.com
,,East Point GA 30344,,,
,,,,,
53361810,10/3/2017,3310 Merganser Lane ,Fulton,GA,
,,Alpharetta GA 30022,,,
,,,,,
5248117,10/3/2017,7100 Surrey Point ,Fulton,GA,
,,Alpharetta GA 30004,,,
,,,,,
5288517,10/3/2017,472 Martin St SE # 7 ,Fulton,GA,Auction.com
,,Atlanta GA 30312,,,
,,,,,
5244617,10/3/2017,9330 Riverclub Parkway ,Fulton,GA,Auction.com
,,Duluth GA 30097,,,
,,,,,
5241817,10/3/2017,2900 Sandy Circle ,Fulton,GA,
,,Riverdale GA 30296,,,
,,,,,
52007406,10/3/2017,6585 Hidden Brook Trail ,Fulton,GA,Auction.com
,,College Park GA 30349,,,
,,,,,
51223910,10/3/2017,2716 Riggs Drive ,Fulton,GA,Auction.com
,,East Point GA 30344,,,
,,,,,
5626714,10/3/2017,4022 Bayrose Circle ,Fulton,GA,Auction.com
,,Atlanta GA 30344,,,
,,,,,
51660806,10/3/2017,2751 High Tide Drive ,Fulton,GA,Auction.com
,,College Park GA 30349,,,
,,,,,
5520815,10/3/2017,1229 Mecaslin St NW ,Fulton,GA,Auction.com
,,Atlanta GA 30318,,,
,,,,,
5141517,10/3/2017,6172 Hemperly Road ,Fulton,GA,Auction.com
,,Atlanta GA 30349,,,
,,,,,
5160817,10/3/2017,634 Jones Ave NW ,Fulton,GA,Auction.com
,,Atlanta GA 30315,,,
,,,,,
54716,10/3/2017,3045 Baywood Wy ,Fulton,GA,
,,Roswell GA 30076,,,
,,,,,
5432216,10/3/2017,660 Old Ivy Road NE ,Fulton,GA,
,,Atlanta GA 30342,,,
,,,,,
5180717,10/3/2017,315 Wilma Court ,Fulton,GA,Auction.com
,,Atlanta GA 30331,,,
,,,,,
5181117,10/3/2017,361 17th Street NW #1321 ,Fulton,GA,
,,Atlanta GA 30363,,,
,,,,,
51842707,10/3/2017,821 Ralph McGill Blvd. #3207 ,Fulton,GA,Auction.com
,,Atlanta GA 30306,,,
,,,,,
51137612,10/3/2017,2016 Sandtown Road S.W. ,Fulton,GA,
,,Atlanta GA 30311,,,
,,,,,
5325914,10/3/2017,3059 Dawson LN SW ,Fulton,GA,Auction.com
,,Atlanta GA 30331,,,
,,,,,
5188017,10/3/2017,13325 Bishop's Court ,Fulton,GA,
,,Roswell GA 30075,,,
,,,,,
51944207,10/3/2017,3160 Abbey Drive ,Fulton,GA,
,,Atlanta GA 30331,,,
,,,,,
5185617,10/3/2017,3397 Walnut Rdg ,Fulton,GA,
,,Atlanta GA 30349,,,
,,,,,
5139717,10/3/2017,215 Forsyth St ,Fulton,GA,
,,Atlanta GA 30303,,,
,,,,,
5139917,10/3/2017,8410 Valemont Drive ,Fulton,GA,
,,Atlanta GA 30350,,,
,,,,,
5458514,10/3/2017,785 Champions Club DR ,Fulton,GA,
,,Alpharetta GA 30004,,,
,,,,,
529417,10/3/2017,2107 Forrest Park Rd SE ,Fulton,GA,
,,Atlanta GA 30315,,,
,,,,,
52413310,10/3/2017,1797 Olive Street ,Fulton,GA,
,,Atlanta GA 30315,,,
,,,,,
53502810,10/3/2017,950 Glengate Place ,Fulton,GA,
,,Atlanta GA 30328,,,
,,,,,
569917,10/3/2017,3838 Collier Drive NW ,Fulton,GA,
,,Atlanta GA 30331,,,
,,,,,
5267017,10/3/2017,2719 Highway 382 West ,Gilmer,GA,Auction.com
,,Ellijay GA 30540,,,
,,,,,
51928410,10/3/2017,15 S Lake Dr ,Gilmer,GA,
,,Ellijay GA 30536-1930,,,
,,,,,
5267017,10/3/2017,2719 Highway 382 West ,Gilmer,GA,Auction.com
,,Ellijay GA 30540,,,
,,,,,
51928410,10/3/2017,15 S Lake Dr ,Gilmer,GA,
,,Ellijay GA 30536-1930,,,
,,,,,
52080909,10/3/2017,1430 Gardner Spring Road SE ,Gordon,GA,Auction.com
,,Adairsville GA 30103,,,
,,,,,
5678714,10/3/2017,1038 Russell Hill Road ,Gordon,GA,Auction.com
,,Sugar Valley GA 30701,,,
,,,,,
5106317,10/3/2017,3126 Crane Mill Road ,Habersham,GA,
,,Alto GA 30510,,,
,,,,,
5265117,10/3/2017,2024 Lee Land Road ,Hall,GA,Auction.com
,,Gainesville GA 30507,,,
,,,,,
5291417,10/3/2017,5020 Bird Road ,Hall,GA,
,,Gainesville GA 30506,,,
,,,,,
5254415,10/3/2017,6461 Topside Avenue ,Hall,GA,Auction.com
,,Flowery Branch GA 30542,,,
,,,,,
5151517,10/3/2017,4577 East Hall Road ,Hall,GA,
,,Gainesville GA 30507,,,
,,,,,
5265517,10/3/2017,1050 Agan Road ,Haralson,GA,Auction.com
,,Bremen GA 30110,,,
,,,,,
5248215,10/3/2017,712 S Georgia Avenue ,Haralson,GA,Auction.com
,,Bremen GA 30110,,,
,,,,,
5263517,10/3/2017,1111 Milner Rd ,Harris,GA,
,,Shiloh GA 31826,,,
,,,,,
51478408,10/3/2017,3853 Pine Lake Road ,Harris,GA,Auction.com
,,West Point GA 31833,,,
,,,,,
5394716,10/3/2017,975 Calhoun Rd ,Harris,GA,
,,Hamilton GA 31811,,,
,,,,,
5193617,10/3/2017,1309 Kings Gap Rd ,Harris,GA,Auction.com
,,Hamilton GA 31811,,,
,,,,,
5263517,10/3/2017,1111 Milner Rd ,Harris,GA,
,,Shiloh GA 31826,,,
,,,,,
51478408,10/3/2017,3853 Pine Lake Road ,Harris,GA,Auction.com
,,West Point GA 31833,,,
,,,,,
5394716,10/3/2017,975 Calhoun Rd ,Harris,GA,
,,Hamilton GA 31811,,,
,,,,,
5193617,10/3/2017,1309 Kings Gap Rd ,Harris,GA,Auction.com
,,Hamilton GA 31811,,,
,,,,,
5260717,10/3/2017,1108 Hargrove Court ,Henry,GA,
,,Locust Grove GA 30248,,,
,,,,,
5286916,10/3/2017,831 Haydens Ridge ,Henry,GA,
,,Ellenwood GA 30294,,,
,,,,,
5270917,10/3/2017,103 Lake Terrace ,Henry,GA,Auction.com
,,McDonough GA 30253,,,
,,,,,
571017,10/3/2017,617 Creekstone Court ,Henry,GA,
,,Jonesboro GA 30236,,,
,,,,,
5167717,10/3/2017,140 Oakwood Trail ,Henry,GA,
,,McDonough GA 30252,,,
,,,,,
5450916,10/3/2017,1145 Flat Rock Road ,Henry,GA,Auction.com
,,Stockbridge GA 30281,,,
,,,,,
5249917,10/3/2017,118 Burleyson Drive ,Henry,GA,Auction.com
,,Mcdonough GA 30253,,,
,,,,,
5226317,10/3/2017,285 Belmont Farms Dr ,Henry,GA,Auction.com
,,Ellenwood GA 30294,,,
,,,,,
5762710,10/3/2017,509 Creekview Overlook ,Henry,GA,
,,Stockbridge GA 30281,,,
,,,,,
5202717,10/3/2017,295 Orleans Blvd ,Henry,GA,
,,McDonough GA 30253,,,
,,,,,
51548011,10/3/2017,483 N Green Cir ,Henry,GA,Auction.com
,,McDonough GA 30252,,,
,,,,,
5533016,10/3/2017,624 Parkside Place Dr ,Henry,GA,
,,McDonough GA 30253,,,
,,,,,
5247613,10/3/2017,2114 Kellington Drive ,Henry,GA,Auction.com
,,McDonough GA 30253,,,
,,,,,
5113417,10/3/2017,1570 Thornwick Trace ,Henry,GA,Auction.com
,,Stockbridge GA 30281,,,
,,,,,
5268217,10/3/2017,627 Cloudland Dr ,Henry,GA,Auction.com
,,Stockbridge GA 30281,,,
,,,,,
5159617,10/3/2017,245 Honda Ct ,Henry,GA,Auction.com
,,Stockbridge GA 30281,,,
,,,,,
51837105,10/3/2017,516 Betty Street ,Houston,GA,
,,Perry GA 31069,,,
,,,,,
5276917,10/3/2017,108 Weaver Road ,Houston,GA,Auction.com
,,Warner Robins GA 31093,,,
,,,,,
5288117,10/3/2017,444 Mount Zion Road ,Houston,GA,Auction.com
,,Bonaire GA 31005,,,
,,,,,
52863110,10/3/2017,509 Gawin Drive ,Houston,GA,
,,Warner Robins GA 31093,,,
,,,,,
5465513,10/3/2017,230 Valencia Circle ,Houston,GA,Auction.com
,,Centerville GA 31028,,,
,,,,,
5621914,10/3/2017,203 Sunnybrook Lane ,Houston,GA,
,,Warner Robins GA 31088,,,
,,,,,
52373410,10/3/2017,110 Ellice Court ,Houston,GA,Auction.com
,,Warner Robins GA 31088,,,
,,,,,
5196117,10/3/2017,110 Centennial Drive ,Houston,GA,Auction.com
,,Byron GA 31008,,,
,,,,,
5340614,10/3/2017,1573 Jett Roberts Rd ,Jackson,GA,Auction.com
,,Jefferson GA 30549,,,
,,,,,
5554706,10/3/2017,185 W Morning Dove Court ,Jasper,GA,Auction.com
,,Monticello GA 31064,,,
,,,,,
5214317,10/3/2017,765 Glen View Loop ,Jasper,GA,Auction.com
,,Monticello GA 31064,,,
,,,,,
5119917,10/3/2017,153 Stone Brooke Dr ,Jones,GA,Auction.com
,,Gray GA 31032,,,
,,,,,
5202017,10/3/2017,Lot 3 Rock Creek Sub ,Jones,GA,
,,Gray GA 31032,,,
,,,,,
525413,10/3/2017,229 Allen Road ,Lamar,GA,Auction.com
,,The Rock GA 30285,,,
,,,,,
5136917,10/3/2017,114 Pineview Drive ,Lee,GA,Auction.com
,,Leesburg GA 31763,,,
,,,,,
5672212,10/3/2017,162 Cherokee Avenue ,Lee,GA,Auction.com
,,Leesburg GA 31763,,,
,,,,,
592717,10/3/2017,210 Chandra Way ,Liberty,GA,
,,Hinesville GA 31313,,,
,,,,,
583217,10/3/2017,19 Palm Dr ,Liberty,GA,
,,Hinesville GA 31313,,,
,,,,,
526412,10/3/2017,58 Kristen Lane ,Liberty,GA,Auction.com
,,Midway GA 31320,,,
,,,,,
5278117,10/3/2017,2415 Fernando Court ,Liberty,GA,
,,Hinesville GA 31313,,,
,,,,,
51446309,10/3/2017,1101 Montclair Drive ,Liberty,GA,
,,Hinesville GA 31313,,,
,,,,,
5442315,10/3/2017,806 Hod Lane ,Liberty,GA,
,,Hinesville GA 31313,,,
,,,,,
5164809,10/3/2017,1603 Plantation Circle ,Lincoln,GA,
,,Lincolnton GA 30817,,,
,,,,,
5291117,10/3/2017,230 Crawfords Way ,Lumpkin,GA,
,,Dahlonega GA 30533,,,
,,,,,
51837105,10/3/2017,516 Betty Street ,Houston,GA,
,,Perry GA 31069,,,
,,,,,
5276917,10/3/2017,108 Weaver Road ,Houston,GA,Auction.com
,,Warner Robins GA 31093,,,
,,,,,
5288117,10/3/2017,444 Mount Zion Road ,Houston,GA,Auction.com
,,Bonaire GA 31005,,,
,,,,,
52863110,10/3/2017,509 Gawin Drive ,Houston,GA,
,,Warner Robins GA 31093,,,
,,,,,
5465513,10/3/2017,230 Valencia Circle ,Houston,GA,Auction.com
,,Centerville GA 31028,,,
,,,,,
5621914,10/3/2017,203 Sunnybrook Lane ,Houston,GA,
,,Warner Robins GA 31088,,,
,,,,,
52373410,10/3/2017,110 Ellice Court ,Houston,GA,Auction.com
,,Warner Robins GA 31088,,,
,,,,,
5196117,10/3/2017,110 Centennial Drive ,Houston,GA,Auction.com
,,Byron GA 31008,,,
,,,,,
5554706,10/3/2017,185 W Morning Dove Court ,Jasper,GA,Auction.com
,,Monticello GA 31064,,,
,,,,,
5214317,10/3/2017,765 Glen View Loop ,Jasper,GA,Auction.com
,,Monticello GA 31064,,,
,,,,,
5291117,10/3/2017,230 Crawfords Way ,Lumpkin,G,
,,Dahlonega GA 30533,,,
,,,,,
,10/3/2017,3432 Georgia Highway 49 South ,Macon,GA,
,,Oglethorpe GA 31063,,,
,,,,,
5277717,10/3/2017,400 Bradshaw Road NW ,McDuffie,GA,
,,Thomson GA 30824,,,
,,,,,
550617,10/3/2017,301 Geiger Street ,Montgomery,GA,
,,Mount Vernon GA 30445,,,
,,,,,
5258217,10/3/2017,3210 Leafmore Drive ,Muscogee,GA,
,,Columbus GA 31909,,,
,,,,,
5280317,10/3/2017,5702 Hunter Road ,Muscogee,GA,Auction.com
,,Columbus GA 31907,,,
,,,,,
5286717,10/3/2017,1510 Hagan Drive ,Muscogee,GA,
,,Columbus GA 31907,,,
,,,,,
5177916,10/3/2017,8217 Midland Trail ,Muscogee,GA,Auction.com
,,Columbus GA 31909,,,
,,,,,
51024808,10/3/2017,700 Cardinal Avenue ,Muscogee,GA,Auction.com
,,Columbus GA 31907,,,
,,,,,
5256917,10/3/2017,800 49th Street ,Muscogee,GA,Auction.com
,,Columbus GA 31904,,,
,,,,,
5475016,10/3/2017,7427 Sesame St ,Muscogee,GA,Auction.com
,,Columbus GA 31909,,,
,,,,,
553917,10/3/2017,5335 Braebern Street ,Muscogee,GA,Auction.com
,,Columbus GA 31907,,,
,,,,,
5310614,10/3/2017,4537 Kennesaw Drive ,Muscogee,GA,
,,Columbus GA 31907,,,
,,,,,
5191917,10/3/2017,4936 Brightstar Lane ,Muscogee,GA,
,,Columbus GA 31907,,,
,,,,,
5151917,10/3/2017,3932 Savannah Dr ,Muscogee,GA,
,,Columbus GA 31907,,,
,,,,,
5194811,10/3/2017,8646 Garrett Road ,Muscogee,GA,
,,Midland GA 31820,,,
,,,,,
5841207,10/3/2017,125 Summer Walk Drive ,Newton,GA,
,,Covington GA 30016,,,
,,,,,
5271017,10/3/2017,60 Oaklake Drive ,Newton,GA,Auction.com
,,Covington GA 30016,,,
,,,,,
5285017,10/3/2017,35 Pebble Brooke Pass ,Newton,GA,
,,Covington GA 30016,,,
,,,,,
5135916,10/3/2017,110 Helm Dr ,Newton,GA,
,,Covington GA 30014,,,
,,,,,
5302415,10/3/2017,3350 Salem Cove Drive SE ,Newton,GA,Auction.com
,,Conyers GA 30013,,,
,,,,,
5289117,10/3/2017,165 Trelawaney Place ,Newton,GA,
,,Covington GA 30016,,,
,,,,,
5223117,10/3/2017,35 Summer Walk Court ,Newton,GA,Auction.com
,,Covington GA 30016,,,
,,,,,
5513015,10/3/2017,11743 Hwy 36 ,Newton,GA,
,,Covington GA 30014,,,
,,,,,
5722911,10/3/2017,154 Old Nebo Road ,Paulding,GA,
,,Hiram GA 30141,,,
,,,,,
5274617,10/3/2017,271 Chesapeake Way ,Paulding,GA,Auction.com
,,Rockmart GA 30153,,,
,,,,,
5670314,10/3/2017,484 Pine Shadows Drive ,Paulding,GA,Auction.com
,,Dallas GA 30157,,,
,,,,,
52334109,10/3/2017,101 Cresent Woode Drive ,Paulding,GA,Auction.com
,,Dallas GA 30157,,,
,,,,,
5265317,10/3/2017,391 Quail Ridge Rd ,Paulding,GA,Auction.com
,,Hiram GA 30141,,,
,,,,,
5417916,10/3/2017,79 Holbrook Dr ,Paulding,GA,Auction.com
,,Dallas GA 30132,,,
,,,,,
5468416,10/3/2017,200 Silverthorne Circle ,Paulding,GA,Auction.com
,,Douglasville GA 30134,,,
,,,,,
5340616,10/3/2017,70 Brookvalley Commons ,Paulding,GA,
,,Dallas GA 30157,,,
,,,,,
5391716,10/3/2017,60 Renee CT ,Paulding,GA,
,,Dallas GA 30157,,,
,,,,,
5254215,10/3/2017,307 Ann Trail ,Paulding,GA,Auction.com
,,Powder Springs GA 30127,,,
,,,,,
5155417,10/3/2017,49 Highlander Way ,Paulding,GA,Auction.com
,,Acworth GA 30101,,,
,,,,,
5150817,10/3/2017,41 Old Gettysburg Way ,Paulding,GA,
,,Dallas GA 30157,,,
,,,,,
5148217,10/3/2017,444 Birchwood Dr ,Paulding,GA,
,,Temple GA 30179,,,
,,,,,
510416,10/3/2017,115 Oakview Drive ,Paulding,GA,Auction.com
,,Dallas GA 30157,,,
,,,,,
5203115,10/3/2017,429 Beverly St ,Peach,GA,
,,Fort Valley GA 31030,,,
,,,,,
5483115,10/3/2017,2304 Thornton Rd ,Pierce,GA,
,,Patterson GA 31557,,,
,,,,,
5179806,10/3/2017,2885 Pepperdine Dr ,Richmond,GA,Auction.com
,,Hephzibah GA 30815,,,
,,,,,
5507214,10/3/2017,2211 Mura Drive ,Richmond,GA,
,,Augusta GA 30906,,,
,,,,,
5284917,10/3/2017,1931 McLean Place ,Richmond,GA,
,,Hephzibah GA 30815,,,
,,,,,
5322914,10/3/2017,437 Scotts Way ,Richmond,GA,Auction.com
,,Augusta GA 30909,,,
,,,,,
5120917,10/3/2017,3804 Clanton Rd ,Richmond,GA,
,,Augusta GA 30906,,,
,,,,,
5248417,10/3/2017,1753 King Woods Dr ,Richmond,GA,Auction.com
,,Augusta GA 30904,,,
,,,,,
5256417,10/3/2017,4953 Old Waynesboro Road ,Richmond,GA,Auction.com
,,Hephzibah GA 30815,,,
,,,,,
522116,10/3/2017,1718 Holly Hill Road ,Richmond,GA,Auction.com
,,Augusta GA 30904,,,
,,,,,
5535214,10/3/2017,3829 Oxford Drive ,Richmond,GA,Auction.com
,,Hephzibah GA 30815,,,
,,,,,
5183517,10/3/2017,420 Warren Road ,Richmond,GA,
,,Augusta GA 30907,,,
,,,,,
5258916,10/3/2017,1920 Brandy Woods Trail SE ,Rockdale,GA,Auction.com
,,Conyers GA 30013,,,
,,,,,
5185016,10/3/2017,2046 Appaloosa Way ,Rockdale,GA,Auction.com
,,Conyers GA 30012,,,
,,,,,
5717914,10/3/2017,620 Hunters Crossing ,Rockdale,GA,Auction.com
,,Conyers GA 30012,,,
,,,,,
5238717,10/3/2017,1021 Alexandria LN ,Rockdale,GA,
,,Conyers GA 30094,,,
,,,,,
591917,10/3/2017,415 Chapman Road ,Talbot,GA,Auction.com
,,Shiloh GA 31826,,,
,,,,,
252516,10/3/2017,708 Virginia Ave ,Tattnall,GA,
,,Glennville GA 30427,,,
,,,,,
5469916,10/3/2017,1716 Moses Drive ,Toombs,GA,Auction.com
,,Vidalia GA 30474,,,
,,,,,
5216017,10/3/2017,222 Poplar Circle ,Troup,GA,
,,Lagrange GA 30241,,,
,,,,,
5209417,10/3/2017,1395 Town Creek School Rd ,Union,GA,Auction.com
,,Blairsville GA 30512,,,
,,,,,
5287017,10/3/2017,732 South Green ,Upson,GA,Auction.com
,,Thomaston GA 30286,,,
,,,,,
5264117,10/3/2017,8674 Highway 157 ,Walker,GA,
,,Rising Fawn GA 30738,,,
,,,,,
5163517,10/3/2017,1300 Lee Street ,Walker,GA,
,,Chickamauga GA 30707,,,
,,,,,
5392816,10/3/2017,1370 Waterford Lane ,Walton,GA,Auction.com
,,Monroe GA 30656,,,
,,,,,
